seed,drone_id,time,waypoint_seq,waypoint_id,waypoint_location,monitor_area,task
0,0,39.8,1,384,"[66.6, 30.56, 2.0]",[28],"{'df', 'df3', 'dh', 'dw'}"
0,0,45.8,2,380,"[66.6, 30.56, 5.0]",[60],"{'df', 'dh', 'dw'}"
0,0,51.8,3,376,"[66.6, 30.56, 8.0]",[92],"{'df', 'dh', 'dw'}"
0,0,57.8,4,372,"[66.6, 30.56, 11.0]",[124],"{'df', 'dh', 'dw'}"
0,0,65.17999999999999,5,371,"[59.46, 30.56, 11.0]",[125],"{'df', 'dh', 'dw'}"
0,0,71.17999999999999,6,375,"[59.46, 30.56, 8.0]",[93],"{'df', 'dh', 'dw'}"
0,0,77.17999999999999,7,379,"[59.46, 30.56, 5.0]",[61],"{'df', 'dh', 'dw'}"
0,0,83.17999999999999,8,383,"[59.46, 30.56, 2.0]",[29],"{'df', 'dh', 'dw'}"
0,0,90.39999999999999,9,382,"[52.79, 30.56, 2.0]",[30],"{'df', 'dh', 'dw'}"
0,0,96.39999999999999,10,378,"[52.79, 30.56, 5.0]",[62],"{'df', 'dh', 'dw'}"
0,0,102.39999999999999,11,374,"[52.79, 30.56, 8.0]",[94],"{'df', 'dh', 'dw'}"
0,0,108.39999999999999,12,370,"[52.79, 30.56, 11.0]",[126],"{'df', 'dh', 'dw'}"
0,0,115.66999999999999,13,369,"[45.97, 30.56, 11.0]",[127],"{'df', 'dh', 'dw'}"
0,0,121.66999999999999,14,373,"[45.97, 30.56, 8.0]",[95],"{'df', 'dh', 'dw'}"
0,0,127.66999999999999,15,377,"[45.97, 30.56, 5.0]",[63],"{'df', 'dh', 'dw'}"
0,0,133.67,16,381,"[45.97, 30.56, 2.0]",[31],"{'df', 'dh', 'dw'}"
0,0,141.7,17,45,"[37.81, 34.58, 2.0]",[0],"{'df', 'dh', 'dw'}"
0,0,147.7,18,41,"[37.81, 34.58, 5.0]",[32],"{'df', 'dh', 'dw'}"
0,0,153.7,19,37,"[37.81, 34.58, 8.0]",[64],"{'df', 'dh', 'dw'}"
0,0,159.7,20,33,"[37.81, 34.58, 11.0]",[96],"{'df', 'dh', 'dw'}"
0,0,166.98999999999998,21,34,"[37.81, 41.44, 11.0]",[97],"{'df', 'dh', 'dw'}"
0,0,172.98999999999998,22,38,"[37.81, 41.44, 8.0]",[65],"{'df', 'dh', 'dw'}"
0,0,178.98999999999998,23,42,"[37.81, 41.44, 5.0]",[33],"{'df', 'dh', 'dw'}"
0,0,184.98999999999998,24,46,"[37.81, 41.44, 2.0]",[1],"{'df', 'dh', 'dw'}"
0,0,192.17999999999998,25,47,"[37.81, 48.02, 2.0]",[2],"{'df', 'dh', 'dw'}"
0,0,198.17999999999998,26,43,"[37.81, 48.02, 5.0]",[34],"{'df', 'dh', 'dw'}"
0,0,204.17999999999998,27,39,"[37.81, 48.02, 8.0]",[66],"{'df', 'dh', 'dw'}"
0,0,210.17999999999998,28,35,"[37.81, 48.02, 11.0]",[98],"{'df', 'dh', 'dw'}"
0,0,217.90999999999997,29,36,"[37.81, 56.22, 11.0]",[99],"{'df', 'dh', 'dw'}"
0,0,223.90999999999997,30,40,"[37.81, 56.22, 8.0]",[67],"{'df', 'dh', 'dw'}"
0,0,229.90999999999997,31,44,"[37.81, 56.22, 5.0]",[35],"{'df', 'dh', 'dw'}"
0,0,235.90999999999997,32,48,"[37.81, 56.22, 2.0]",[3],"{'df', 'dh', 'dw'}"
0,0,248.90999999999997,33,16,"[37.81, 56.22, 26.0]",[259],"{'df', 'dh', 'dw'}"
0,0,254.90999999999997,34,12,"[37.81, 56.22, 29.0]",[291],"{'df', 'dh', 'dw'}"
0,0,260.90999999999997,35,8,"[37.81, 56.22, 32.0]",[323],"{'df', 'dh', 'dw'}"
0,0,266.90999999999997,36,4,"[37.81, 56.22, 35.0]",[355],"{'df', 'dh', 'dw'}"
0,0,274.64,37,3,"[37.81, 48.02, 35.0]",[354],"{'df', 'dh', 'dw'}"
0,0,280.64,38,7,"[37.81, 48.02, 32.0]",[322],"{'df', 'dh', 'dw'}"
0,0,286.64,39,11,"[37.81, 48.02, 29.0]",[290],"{'df', 'dh', 'dw'}"
0,0,292.64,40,15,"[37.81, 48.02, 26.0]",[258],"{'df', 'dh', 'dw'}"
0,0,299.83,41,14,"[37.81, 41.44, 26.0]",[257],"{'df', 'dh', 'dw'}"
0,0,305.83,42,10,"[37.81, 41.44, 29.0]",[289],"{'df', 'dh', 'dw'}"
0,1,13.94,1,192,"[-1.47, 6.72, 2.0]",[15],"{'df', 'dh', 'dw'}"
0,1,19.939999999999998,2,188,"[-1.47, 6.72, 5.0]",[47],"{'df', 'dh', 'dw'}"
0,1,25.939999999999998,3,184,"[-1.47, 6.72, 8.0]",[79],"{'df', 'dh', 'dw'}"
0,1,31.939999999999998,4,180,"[-1.47, 6.72, 11.0]",[111],"{'df', 'dh', 'dw'}"
0,1,39.209999999999994,5,179,"[-1.47, 13.54, 11.0]",[110],"{'df', 'dh', 'dw'}"
0,1,45.209999999999994,6,183,"[-1.47, 13.54, 8.0]",[78],"{'df', 'dh', 'dw'}"
0,1,51.209999999999994,7,187,"[-1.47, 13.54, 5.0]",[46],"{'df', 'dh', 'dw'}"
0,1,57.209999999999994,8,191,"[-1.47, 13.54, 2.0]",[14],"{'df', 'dh', 'dw'}"
0,1,63.89999999999999,9,190,"[-1.47, 18.62, 2.0]",[13],"{'df', 'dh', 'dw'}"
0,1,69.89999999999999,10,186,"[-1.47, 18.62, 5.0]",[45],"{'df', 'dh', 'dw'}"
0,1,75.89999999999999,11,182,"[-1.47, 18.62, 8.0]",[77],"{'df', 'dh', 'dw'}"
0,1,81.89999999999999,12,178,"[-1.47, 18.62, 11.0]",[109],"{'df', 'dh', 'dw'}"
0,1,88.22999999999999,13,177,"[-1.47, 22.6, 11.0]",[108],"{'df', 'dh', 'dw'}"
0,1,94.22999999999999,14,181,"[-1.47, 22.6, 8.0]",[76],"{'df', 'dh', 'dw'}"
0,1,100.22999999999999,15,185,"[-1.47, 22.6, 5.0]",[44],"{'df', 'dh', 'dw'}"
0,1,106.22999999999999,16,189,"[-1.47, 22.6, 2.0]",[12],"{'df', 'dh', 'dw'}"
0,1,113.44999999999999,17,144,"[-5.0, 28.24, 2.0]",[11],"{'df', 'dh', 'dw'}"
0,1,119.44999999999999,18,139,"[-5.0, 28.24, 5.0]",[43],"{'df', 'dh', 'dw'}"
0,1,125.44999999999999,19,134,"[-5.0, 28.24, 8.0]",[75],"{'df', 'dh', 'dw'}"
0,1,131.45,20,129,"[-5.0, 28.24, 11.0]",[107],"{'df', 'dh', 'dw'}"
0,1,138.7,21,128,"[-5.0, 35.0, 11.0]",[106],"{'df', 'dh', 'dw'}"
0,1,144.7,22,133,"[-5.0, 35.0, 8.0]",[74],"{'df', 'dh', 'dw'}"
0,1,150.7,23,138,"[-5.0, 35.0, 5.0]",[42],"{'df', 'dh', 'dw'}"
0,1,156.7,24,143,"[-5.0, 35.0, 2.0]",[10],"{'df', 'dh', 'dw'}"
0,1,164.14999999999998,25,142,"[-5.0, 42.35, 2.0]",[9],"{'df', 'dh', 'dw'}"
0,1,170.14999999999998,26,137,"[-5.0, 42.35, 5.0]",[41],"{'df', 'dh', 'dw'}"
0,1,176.14999999999998,27,132,"[-5.0, 42.35, 8.0]",[73],"{'df', 'dh', 'dw'}"
0,1,182.14999999999998,28,127,"[-5.0, 42.35, 11.0]",[105],"{'df', 'dh', 'dw'}"
0,1,189.32999999999998,29,126,"[-5.0, 48.88, 11.0]",[104],"{'df', 'dh', 'dw'}"
0,1,195.32999999999998,30,131,"[-5.0, 48.88, 8.0]",[72],"{'df', 'dh', 'dw'}"
0,1,201.32999999999998,31,136,"[-5.0, 48.88, 5.0]",[40],"{'df', 'dh', 'dw'}"
0,1,207.32999999999998,32,141,"[-5.0, 48.88, 2.0]",[8],"{'df', 'dh', 'dw'}"
0,1,214.32,33,140,"[-5.0, 54.84, 2.0]",[7],"{'df', 'dh', 'dw'}"
0,1,220.32,34,135,"[-5.0, 54.84, 5.0]",[39],"{'df', 'dh', 'dw'}"
0,1,226.32,35,130,"[-5.0, 54.84, 8.0]",[71],"{'df', 'dh', 'dw'}"
0,1,232.32,36,125,"[-5.0, 54.84, 11.0]",[103],"{'df', 'dh', 'dw'}"
0,1,241.64,37,73,"[4.58, 63.37, 11.0]",[102],"{'df', 'dh', 'dw'}"
0,1,247.64,38,76,"[4.58, 63.37, 8.0]",[70],"{'df', 'dh', 'dw'}"
0,1,253.64,39,79,"[4.58, 63.37, 5.0]",[38],"{'df', 'dh', 'dw'}"
0,1,259.64,40,82,"[4.58, 63.37, 2.0]",[6],"{'df', 'dh', 'dw'}"
0,1,266.93,41,83,"[11.44, 63.37, 2.0]",[5],"{'df', 'dh', 'dw'}"
0,1,272.93,42,80,"[11.44, 63.37, 5.0]",[37],"{'df', 'dh', 'dw'}"
0,1,278.93,43,77,"[11.44, 63.37, 8.0]",[69],"{'df', 'dh', 'dw'}"
0,1,284.93,44,74,"[11.44, 63.37, 11.0]",[101],"{'df', 'dh', 'dw'}"
0,1,292.12,45,75,"[18.02, 63.37, 11.0]",[100],"{'df', 'dh', 'dw'}"
0,1,298.12,46,78,"[18.02, 63.37, 8.0]",[68],"{'df', 'dh', 'dw'}"
0,1,304.12,47,81,"[18.02, 63.37, 5.0]",[36],"{'df', 'dh', 'dw'}"
0,2,10.45,1,292,"[6.16, -5.0, 2.0]",[16],"{'df', 'dh', 'dw'}"
0,2,16.45,2,283,"[6.16, -5.0, 5.0]",[48],"{'df', 'dh', 'dw'}"
0,2,22.45,3,274,"[6.16, -5.0, 8.0]",[80],"{'df', 'dh', 'dw'}"
0,2,28.45,4,265,"[6.16, -5.0, 11.0]",[112],"{'df', 'dh', 'dw'}"
0,2,35.61,5,266,"[12.64, -5.0, 11.0]",[113],"{'df', 'dh', 'dw'}"
0,2,41.61,6,275,"[12.64, -5.0, 8.0]",[81],"{'df', 'dh', 'dw'}"
0,2,47.61,7,284,"[12.64, -5.0, 5.0]",[49],"{'df', 'dh', 'dw'}"
0,2,53.61,8,293,"[12.64, -5.0, 2.0]",[17],"{'df', 'dh', 'dw'}"
0,2,60.82,9,294,"[19.26, -5.0, 2.0]",[18],"{'df', 'dh', 'dw'}"
0,2,66.82,10,285,"[19.26, -5.0, 5.0]",[50],"{'df', 'dh', 'dw'}"
0,2,72.82,11,276,"[19.26, -5.0, 8.0]",[82],"{'df', 'dh', 'dw'}"
0,2,78.82,12,267,"[19.26, -5.0, 11.0]",[114],"{'df', 'dh', 'dw'}"
0,2,86.0,13,268,"[25.8, -5.0, 11.0]",[115],"{'df', 'dh', 'dw'}"
0,2,92.0,14,277,"[25.8, -5.0, 8.0]",[83],"{'df', 'dh', 'dw'}"
0,2,98.0,15,286,"[25.8, -5.0, 5.0]",[51],"{'df', 'dh', 'dw'}"
0,2,104.0,16,295,"[25.8, -5.0, 2.0]",[19],"{'df', 'dh', 'dw'}"
0,2,111.26,17,296,"[32.57, -5.0, 2.0]",[20],"{'df', 'dh', 'dw'}"
0,2,117.26,18,287,"[32.57, -5.0, 5.0]",[52],"{'df', 'dh', 'dw'}"
0,2,123.26,19,278,"[32.57, -5.0, 8.0]",[84],"{'df', 'dh', 'dw'}"
0,2,129.26,20,269,"[32.57, -5.0, 11.0]",[116],"{'df', 'dh', 'dw'}"
0,2,136.5,21,270,"[39.29, -5.0, 11.0]",[117],"{'df', 'dh', 'dw'}"
0,2,142.5,22,279,"[39.29, -5.0, 8.0]",[85],"{'df', 'dh', 'dw'}"
0,2,148.5,23,288,"[39.29, -5.0, 5.0]",[53],"{'df', 'dh', 'dw'}"
0,2,154.5,24,297,"[39.29, -5.0, 2.0]",[21],"{'df', 'dh', 'dw'}"
0,2,161.79,25,298,"[46.16, -5.0, 2.0]",[22],"{'df', 'dh', 'dw'}"
0,2,167.79,26,289,"[46.16, -5.0, 5.0]",[54],"{'df', 'dh', 'dw'}"
0,2,173.79,27,280,"[46.16, -5.0, 8.0]",[86],"{'df', 'dh', 'dw'}"
0,2,179.79,28,271,"[46.16, -5.0, 11.0]",[118],"{'df', 'dh', 'dw'}"
0,2,187.03,29,272,"[52.89, -5.0, 11.0]",[119],"{'df', 'dh', 'dw'}"
0,2,193.03,30,281,"[52.89, -5.0, 8.0]",[87],"{'df', 'dh', 'dw'}"
0,2,199.03,31,290,"[52.89, -5.0, 5.0]",[55],"{'df', 'dh', 'dw'}"
0,2,205.03,32,299,"[52.89, -5.0, 2.0]",[23],"{'df', 'dh', 'dw'}"
0,2,212.91,33,300,"[61.52, -5.0, 2.0]",[24],"{'df', 'dh', 'dw'}"
0,2,218.91,34,291,"[61.52, -5.0, 5.0]",[56],"{'df', 'dh', 'dw'}"
0,2,224.91,35,282,"[61.52, -5.0, 8.0]",[88],"{'df', 'dh', 'dw'}"
0,2,230.91,36,273,"[61.52, -5.0, 11.0]",[120],"{'df', 'dh', 'dw'}"
0,2,241.68,37,227,"[52.89, -5.0, 26.0]",[279],"{'df', 'df3', 'dh', 'dw'}"
0,2,247.68,38,218,"[52.89, -5.0, 29.0]",[311],"{'df', 'dh', 'dw'}"
0,2,253.68,39,209,"[52.89, -5.0, 32.0]",[343],"{'df', 'dh', 'dw'}"
0,2,259.68,40,200,"[52.89, -5.0, 35.0]",[375],"{'df', 'dh', 'dw'}"
0,2,266.92,41,199,"[46.16, -5.0, 35.0]",[374],"{'df', 'dh', 'dw'}"
0,2,272.92,42,208,"[46.16, -5.0, 32.0]",[342],"{'df', 'dh', 'dw'}"
0,2,278.92,43,217,"[46.16, -5.0, 29.0]",[310],"{'df', 'dh', 'dw'}"
0,2,284.92,44,226,"[46.16, -5.0, 26.0]",[278],"{'df', 'dh', 'dw'}"
0,2,292.21000000000004,45,225,"[39.29, -5.0, 26.0]",[277],"{'df', 'dh', 'dw'}"
0,2,298.21000000000004,46,216,"[39.29, -5.0, 29.0]",[309],"{'df', 'dh', 'dw'}"
0,2,304.21000000000004,47,207,"[39.29, -5.0, 32.0]",[341],"{'df', 'dh', 'dw'}"
0,0,303.0,1,7,"[37.81, 48.02, 32.0]",[322],"{'df', 'dh', 'dw'}"
0,0,309.0,2,11,"[37.81, 48.02, 29.0]",[290],"{'df', 'dh', 'dw'}"
0,0,315.0,3,15,"[37.81, 48.02, 26.0]",[258],"{'df', 'dh', 'dw'}"
0,0,322.19,4,14,"[37.81, 41.44, 26.0]",[257],"{'df', 'dh', 'dw'}"
0,0,328.19,5,10,"[37.81, 41.44, 29.0]",[289],"{'df', 'dh', 'dw'}"
0,0,334.19,6,6,"[37.81, 41.44, 32.0]",[321],"{'df', 'dh', 'dw'}"
0,0,340.19,7,2,"[37.81, 41.44, 35.0]",[353],"{'df', 'dh', 'dw'}"
0,0,347.48,8,1,"[37.81, 34.58, 35.0]",[352],"{'df', 'dh', 'dw'}"
0,0,353.48,9,5,"[37.81, 34.58, 32.0]",[320],"{'df', 'dh', 'dw'}"
0,0,359.48,10,9,"[37.81, 34.58, 29.0]",[288],"{'df', 'dh', 'dw'}"
0,0,365.48,11,13,"[37.81, 34.58, 26.0]",[256],"{'df', 'dh', 'dw'}"
0,0,373.51,12,349,"[45.97, 30.56, 26.0]",[287],"{'df', 'dh', 'dw'}"
0,0,379.51,13,345,"[45.97, 30.56, 29.0]",[319],"{'df', 'dh', 'dw'}"
0,0,385.51,14,341,"[45.97, 30.56, 32.0]",[351],"{'df', 'dh', 'dw'}"
0,0,391.51,15,337,"[45.97, 30.56, 35.0]",[383],"{'df', 'dh', 'dw'}"
0,0,398.78,16,338,"[52.79, 30.56, 35.0]",[382],"{'df', 'dh', 'dw'}"
0,0,404.78,17,342,"[52.79, 30.56, 32.0]",[350],"{'df', 'dh', 'dw'}"
0,0,410.78,18,346,"[52.79, 30.56, 29.0]",[318],"{'df', 'dh', 'dw'}"
0,0,416.78,19,350,"[52.79, 30.56, 26.0]",[286],"{'df', 'dh', 'dw'}"
0,0,424.0,20,351,"[59.46, 30.56, 26.0]",[285],"{'df', 'dh', 'dw'}"
0,0,430.0,21,347,"[59.46, 30.56, 29.0]",[317],"{'df', 'dh', 'dw'}"
0,0,436.0,22,343,"[59.46, 30.56, 32.0]",[349],"{'df', 'dh', 'dw'}"
0,0,442.0,23,339,"[59.46, 30.56, 35.0]",[381],"{'df', 'dh', 'dw'}"
0,0,449.38,24,340,"[66.6, 30.56, 35.0]",[380],"{'df', 'dh', 'dw'}"
0,0,455.38,25,344,"[66.6, 30.56, 32.0]",[348],"{'df', 'dh', 'dw'}"
0,0,461.38,26,348,"[66.6, 30.56, 29.0]",[316],"{'df', 'dh', 'dw'}"
0,0,467.38,27,352,"[66.6, 30.56, 26.0]",[284],"{'df', 'dh', 'dw'}"
0,0,477.12,28,312,"[73.38, 18.12, 26.0]",[283],"{'df', 'dh', 'dw'}"
0,0,483.12,29,309,"[73.38, 18.12, 29.0]",[315],"{'df', 'dh', 'dw'}"
0,0,489.12,30,306,"[73.38, 18.12, 32.0]",[347],"{'df', 'dh', 'dw'}"
0,0,495.12,31,303,"[73.38, 18.12, 35.0]",[379],"{'df', 'dh', 'dw'}"
0,0,502.46,32,302,"[73.38, 11.11, 35.0]",[378],"{'df', 'dh', 'dw'}"
0,0,508.46,33,305,"[73.38, 11.11, 32.0]",[346],"{'df', 'dh', 'dw'}"
0,0,514.46,34,308,"[73.38, 11.11, 29.0]",[314],"{'df', 'dh', 'dw'}"
0,0,520.46,35,311,"[73.38, 11.11, 26.0]",[282],"{'df', 'dh', 'dw'}"
0,0,527.32,36,310,"[73.38, 5.54, 26.0]",[281],"{'df', 'dh', 'dw'}"
0,0,533.32,37,307,"[73.38, 5.54, 29.0]",[313],"{'df', 'dh', 'dw'}"
0,0,539.32,38,304,"[73.38, 5.54, 32.0]",[345],"{'df', 'dh', 'dw'}"
0,0,545.32,39,301,"[73.38, 5.54, 35.0]",[377],"{'df', 'dh', 'dw'}"
0,0,558.32,40,325,"[73.38, 5.54, 11.0]",[121],"{'df', 'dh', 'dw'}"
0,0,564.32,41,328,"[73.38, 5.54, 8.0]",[89],"{'df', 'dh', 'dw'}"
0,0,570.32,42,331,"[73.38, 5.54, 5.0]",[57],"{'df', 'dh', 'dw'}"
0,0,576.32,43,334,"[73.38, 5.54, 2.0]",[25],"{'df', 'dh', 'dw'}"
0,0,583.1800000000001,44,335,"[73.38, 11.11, 2.0]",[26],"{'df', 'dh', 'dw'}"
0,0,589.1800000000001,45,332,"[73.38, 11.11, 5.0]",[58],"{'df', 'dh', 'dw'}"
0,0,595.1800000000001,46,329,"[73.38, 11.11, 8.0]",[90],"{'df', 'dh', 'dw'}"
0,0,601.1800000000001,47,326,"[73.38, 11.11, 11.0]",[122],"{'df', 'dh', 'dw'}"
0,1,303.0,1,74,"[11.44, 63.37, 11.0]",[101],"{'df', 'dh', 'dw'}"
0,1,310.19,2,75,"[18.02, 63.37, 11.0]",[100],"{'df', 'dh', 'dw'}"
0,1,316.19,3,78,"[18.02, 63.37, 8.0]",[68],"{'df', 'dh', 'dw'}"
0,1,322.19,4,81,"[18.02, 63.37, 5.0]",[36],"{'df', 'dh', 'dw'}"
0,1,328.19,5,84,"[18.02, 63.37, 2.0]",[4],"{'df', 'dh', 'dw'}"
0,1,341.19,6,60,"[18.02, 63.37, 26.0]",[260],"{'df', 'dh', 'dw'}"
0,1,347.19,7,57,"[18.02, 63.37, 29.0]",[292],"{'df', 'dh', 'dw'}"
0,1,353.19,8,54,"[18.02, 63.37, 32.0]",[324],"{'df', 'dh', 'dw'}"
0,1,359.19,9,51,"[18.02, 63.37, 35.0]",[356],"{'df', 'dh', 'dw'}"
0,1,366.38,10,50,"[11.44, 63.37, 35.0]",[357],"{'df', 'dh', 'dw'}"
0,1,372.38,11,53,"[11.44, 63.37, 32.0]",[325],"{'df', 'dh', 'dw'}"
0,1,378.38,12,56,"[11.44, 63.37, 29.0]",[293],"{'df', 'dh', 'dw'}"
0,1,384.38,13,59,"[11.44, 63.37, 26.0]",[261],"{'df', 'dh', 'dw'}"
0,1,391.67,14,58,"[4.58, 63.37, 26.0]",[262],"{'df', 'dh', 'dw'}"
0,1,397.67,15,55,"[4.58, 63.37, 29.0]",[294],"{'df', 'dh', 'dw'}"
0,1,403.67,16,52,"[4.58, 63.37, 32.0]",[326],"{'df', 'dh', 'dw'}"
0,1,409.67,17,49,"[4.58, 63.37, 35.0]",[358],"{'df', 'dh', 'dw'}"
0,1,418.99,18,85,"[-5.0, 54.84, 35.0]",[359],"{'df', 'dh', 'dw'}"
0,1,424.99,19,90,"[-5.0, 54.84, 32.0]",[327],"{'df', 'dh', 'dw'}"
0,1,430.99,20,95,"[-5.0, 54.84, 29.0]",[295],"{'df', 'dh', 'dw'}"
0,1,436.99,21,100,"[-5.0, 54.84, 26.0]",[263],"{'df', 'dh', 'dw'}"
0,1,443.98,22,101,"[-5.0, 48.88, 26.0]",[264],"{'df', 'dh', 'dw'}"
0,1,449.98,23,96,"[-5.0, 48.88, 29.0]",[296],"{'df', 'dh', 'dw'}"
0,1,455.98,24,91,"[-5.0, 48.88, 32.0]",[328],"{'df', 'dh', 'dw'}"
0,1,461.98,25,86,"[-5.0, 48.88, 35.0]",[360],"{'df', 'dh', 'dw'}"
0,1,469.16,26,87,"[-5.0, 42.35, 35.0]",[361],"{'df', 'dh', 'dw'}"
0,1,475.16,27,92,"[-5.0, 42.35, 32.0]",[329],"{'df', 'dh', 'dw'}"
0,1,481.16,28,97,"[-5.0, 42.35, 29.0]",[297],"{'df', 'dh', 'dw'}"
0,1,487.16,29,102,"[-5.0, 42.35, 26.0]",[265],"{'df', 'dh', 'dw'}"
0,1,494.61,30,103,"[-5.0, 35.0, 26.0]",[266],"{'df', 'dh', 'dw'}"
0,1,500.61,31,98,"[-5.0, 35.0, 29.0]",[298],"{'df', 'dh', 'dw'}"
0,1,506.61,32,93,"[-5.0, 35.0, 32.0]",[330],"{'df', 'dh', 'dw'}"
0,1,512.61,33,88,"[-5.0, 35.0, 35.0]",[362],"{'df', 'dh', 'dw'}"
0,1,519.86,34,89,"[-5.0, 28.24, 35.0]",[363],"{'df', 'dh', 'dw'}"
0,1,525.86,35,94,"[-5.0, 28.24, 32.0]",[331],"{'df', 'dh', 'dw'}"
0,1,531.86,36,99,"[-5.0, 28.24, 29.0]",[299],"{'df', 'dh', 'dw'}"
0,1,537.86,37,104,"[-5.0, 28.24, 26.0]",[267],"{'df', 'dh', 'dw'}"
0,1,545.08,38,157,"[-1.47, 22.6, 26.0]",[268],"{'df', 'dh', 'dw'}"
0,1,551.08,39,153,"[-1.47, 22.6, 29.0]",[300],"{'df', 'dh', 'dw'}"
0,1,557.08,40,149,"[-1.47, 22.6, 32.0]",[332],"{'df', 'dh', 'dw'}"
0,1,563.08,41,145,"[-1.47, 22.6, 35.0]",[364],"{'df', 'dh', 'dw'}"
0,1,569.4100000000001,42,146,"[-1.47, 18.62, 35.0]",[365],"{'df', 'dh', 'dw'}"
0,1,575.4100000000001,43,150,"[-1.47, 18.62, 32.0]",[333],"{'df', 'dh', 'dw'}"
0,1,581.4100000000001,44,154,"[-1.47, 18.62, 29.0]",[301],"{'df', 'dh', 'dw'}"
0,1,587.4100000000001,45,158,"[-1.47, 18.62, 26.0]",[269],"{'df', 'dh', 'dw'}"
0,1,594.1000000000001,46,159,"[-1.47, 13.54, 26.0]",[270],"{'df', 'dh', 'dw'}"
0,1,600.1000000000001,47,155,"[-1.47, 13.54, 29.0]",[302],"{'df', 'dh', 'dw'}"
0,2,303.0,1,226,"[46.16, -5.0, 26.0]",[278],"{'df', 'dh', 'dw'}"
0,2,310.29,2,225,"[39.29, -5.0, 26.0]",[277],"{'df', 'dh', 'dw'}"
0,2,316.29,3,216,"[39.29, -5.0, 29.0]",[309],"{'df', 'dh', 'dw'}"
0,2,322.29,4,207,"[39.29, -5.0, 32.0]",[341],"{'df', 'dh', 'dw'}"
0,2,328.29,5,198,"[39.29, -5.0, 35.0]",[373],"{'df', 'dh', 'dw'}"
0,2,335.53000000000003,6,197,"[32.57, -5.0, 35.0]",[372],"{'df', 'dh', 'dw'}"
0,2,343.55,7,214,"[25.8, -5.0, 29.0]",[307],"{'df', 'df3', 'dh', 'dw'}"
0,2,349.55,8,205,"[25.8, -5.0, 32.0]",[339],"{'df', 'dh', 'dw'}"
0,2,355.55,9,196,"[25.8, -5.0, 35.0]",[371],"{'df', 'dh', 'dw'}"
0,2,362.73,10,195,"[19.26, -5.0, 35.0]",[370],"{'df', 'dh', 'dw'}"
0,2,368.73,11,204,"[19.26, -5.0, 32.0]",[338],"{'df', 'dh', 'dw'}"
0,2,374.73,12,213,"[19.26, -5.0, 29.0]",[306],"{'df', 'dh', 'dw'}"
0,2,380.73,13,222,"[19.26, -5.0, 26.0]",[274],"{'df', 'dh', 'dw'}"
0,2,387.91,14,223,"[25.8, -5.0, 26.0]",[275],"{'df', 'dh', 'dw'}"
0,2,395.17,15,224,"[32.57, -5.0, 26.0]",[276],"{'df', 'dh', 'dw'}"
0,2,401.17,16,215,"[32.57, -5.0, 29.0]",[308],"{'df', 'dh', 'dw'}"
0,2,407.17,17,206,"[32.57, -5.0, 32.0]",[340],"{'df', 'dh', 'dw'}"
0,2,418.81,18,203,"[12.64, -5.0, 32.0]",[337],"{'df', 'dh', 'dw'}"
0,2,424.81,19,194,"[12.64, -5.0, 35.0]",[369],"{'df', 'dh', 'dw'}"
0,2,431.81,20,212,"[12.64, -5.0, 29.0]",[305],"{'df', 'dh', 'dw'}"
0,2,437.81,21,221,"[12.64, -5.0, 26.0]",[273],"{'df', 'dh', 'dw'}"
0,2,444.97,22,220,"[6.16, -5.0, 26.0]",[272],"{'df', 'dh', 'dw'}"
0,2,450.97,23,211,"[6.16, -5.0, 29.0]",[304],"{'df', 'dh', 'dw'}"
0,2,456.97,24,202,"[6.16, -5.0, 32.0]",[336],"{'df', 'dh', 'dw'}"
0,2,462.97,25,193,"[6.16, -5.0, 35.0]",[368],"{'df', 'dh', 'dw'}"
0,2,486.42,26,201,"[61.52, -5.0, 35.0]",[376],"{'df', 'dh', 'dw'}"
0,2,492.42,27,210,"[61.52, -5.0, 32.0]",[344],"{'df', 'dh', 'dw'}"
0,2,498.42,28,219,"[61.52, -5.0, 29.0]",[312],"{'df', 'dh', 'dw'}"
0,2,504.42,29,228,"[61.52, -5.0, 26.0]",[280],"{'df', 'dh', 'dw'}"
0,2,510.42,30,237,"[61.52, -5.0, 23.0]",[248],{'dw'}
0,2,518.4200000000001,31,264,"[61.52, -5.0, 14.0]",[152],{'dh'}
0,2,526.3000000000001,32,263,"[52.89, -5.0, 14.0]",[151],{'dh'}
0,2,533.5400000000001,33,262,"[46.16, -5.0, 14.0]",[150],{'dh'}
0,2,540.83,34,261,"[39.29, -5.0, 14.0]",[149],{'dh'}
0,2,548.07,35,260,"[32.57, -5.0, 14.0]",[148],{'dh'}
0,2,555.33,36,259,"[25.8, -5.0, 14.0]",[147],{'dh'}
0,2,562.51,37,258,"[19.26, -5.0, 14.0]",[146],{'dh'}
0,2,569.72,38,257,"[12.64, -5.0, 14.0]",[145],{'dh'}
0,2,576.88,39,256,"[6.16, -5.0, 14.0]",[144],{'dh'}
0,2,584.88,40,229,"[6.16, -5.0, 23.0]",[240],{'dw'}
0,2,592.04,41,230,"[12.64, -5.0, 23.0]",[241],{'dw'}
0,2,599.25,42,231,"[19.26, -5.0, 23.0]",[242],{'dw'}
0,2,606.43,43,232,"[25.8, -5.0, 23.0]",[243],{'dw'}
0,0,603.0,1,335,"[73.38, 11.11, 2.0]",[26],"{'df', 'dh', 'dw'}"
0,0,609.0,2,332,"[73.38, 11.11, 5.0]",[58],"{'df', 'dh', 'dw'}"
0,0,615.0,3,329,"[73.38, 11.11, 8.0]",[90],"{'df', 'dh', 'dw'}"
0,0,621.0,4,326,"[73.38, 11.11, 11.0]",[122],"{'df', 'dh', 'dw'}"
0,0,628.34,5,327,"[73.38, 18.12, 11.0]",[123],"{'df', 'dh', 'dw'}"
0,0,634.34,6,330,"[73.38, 18.12, 8.0]",[91],"{'df', 'dh', 'dw'}"
0,0,640.34,7,333,"[73.38, 18.12, 5.0]",[59],"{'df', 'dh', 'dw'}"
0,0,646.34,8,336,"[73.38, 18.12, 2.0]",[27],"{'df', 'dh', 'dw'}"
0,0,655.34,9,324,"[73.38, 18.12, 14.0]",[155],{'dh'}
0,0,662.6800000000001,10,323,"[73.38, 11.11, 14.0]",[154],{'dh'}
0,0,669.5400000000001,11,322,"[73.38, 5.54, 14.0]",[153],{'dh'}
0,0,677.5400000000001,12,313,"[73.38, 5.54, 23.0]",[249],{'dw'}
0,0,684.4000000000001,13,314,"[73.38, 11.11, 23.0]",[250],{'dw'}
0,0,691.7400000000001,14,315,"[73.38, 18.12, 23.0]",[251],{'dw'}
0,0,702.3500000000001,15,368,"[66.6, 30.56, 14.0]",[156],{'dh'}
0,0,709.7300000000001,16,367,"[59.46, 30.56, 14.0]",[157],{'dh'}
0,0,716.9500000000002,17,366,"[52.79, 30.56, 14.0]",[158],{'dh'}
0,0,724.2200000000001,18,365,"[45.97, 30.56, 14.0]",[159],{'dh'}
0,0,732.2500000000001,19,29,"[37.81, 34.58, 14.0]",[128],{'dh'}
0,0,739.5400000000001,20,30,"[37.81, 41.44, 14.0]",[129],{'dh'}
0,0,746.7300000000001,21,31,"[37.81, 48.02, 14.0]",[130],{'dh'}
0,0,754.4600000000002,22,32,"[37.81, 56.22, 14.0]",[131],{'dh'}
0,0,762.4600000000002,23,20,"[37.81, 56.22, 23.0]",[227],{'dw'}
0,0,770.1900000000002,24,19,"[37.81, 48.02, 23.0]",[226],{'dw'}
0,0,777.3800000000002,25,18,"[37.81, 41.44, 23.0]",[225],{'dw'}
0,0,784.6700000000002,26,17,"[37.81, 34.58, 23.0]",[224],{'dw'}
0,0,792.7000000000002,27,353,"[45.97, 30.56, 23.0]",[255],{'dw'}
0,0,799.9700000000001,28,354,"[52.79, 30.56, 23.0]",[254],{'dw'}
0,0,807.1900000000002,29,355,"[59.46, 30.56, 23.0]",[253],{'dw'}
0,0,814.5700000000002,30,356,"[66.6, 30.56, 23.0]",[252],{'dw'}
0,0,826.5700000000002,31,384,"[66.6, 30.56, 2.0]",[28],"{'df', 'df3', 'dh', 'dw'}"
0,0,832.5700000000002,32,380,"[66.6, 30.56, 5.0]",[60],"{'df', 'dh', 'dw'}"
0,0,838.5700000000002,33,376,"[66.6, 30.56, 8.0]",[92],"{'df', 'dh', 'dw'}"
0,0,844.5700000000002,34,372,"[66.6, 30.56, 11.0]",[124],"{'df', 'dh', 'dw'}"
0,0,851.9500000000002,35,371,"[59.46, 30.56, 11.0]",[125],"{'df', 'dh', 'dw'}"
0,0,857.9500000000002,36,375,"[59.46, 30.56, 8.0]",[93],"{'df', 'dh', 'dw'}"
0,0,868.4900000000001,37,356,"[66.6, 30.56, 23.0]",[252],{'dw'}
0,0,879.9400000000002,38,379,"[59.46, 30.56, 5.0]",[61],"{'df', 'dh', 'dw'}"
0,0,885.9400000000002,39,383,"[59.46, 30.56, 2.0]",[29],"{'df', 'dh', 'dw'}"
0,0,893.1600000000002,40,382,"[52.79, 30.56, 2.0]",[30],"{'df', 'dh', 'dw'}"
0,0,906.5400000000002,41,356,"[66.6, 30.56, 23.0]",[252],{'dw'}
0,1,603.0,1,154,"[-1.47, 18.62, 29.0]",[301],"{'df', 'dh', 'dw'}"
0,1,609.0,2,158,"[-1.47, 18.62, 26.0]",[269],"{'df', 'dh', 'dw'}"
0,1,615.69,3,159,"[-1.47, 13.54, 26.0]",[270],"{'df', 'dh', 'dw'}"
0,1,621.69,4,155,"[-1.47, 13.54, 29.0]",[302],"{'df', 'dh', 'dw'}"
0,1,627.69,5,151,"[-1.47, 13.54, 32.0]",[334],"{'df', 'dh', 'dw'}"
0,1,633.69,6,147,"[-1.47, 13.54, 35.0]",[366],"{'df', 'dh', 'dw'}"
0,1,640.96,7,148,"[-1.47, 6.72, 35.0]",[367],"{'df', 'dh', 'dw'}"
0,1,646.96,8,152,"[-1.47, 6.72, 32.0]",[335],"{'df', 'dh', 'dw'}"
0,1,652.96,9,156,"[-1.47, 6.72, 29.0]",[303],"{'df', 'dh', 'dw'}"
0,1,658.96,10,160,"[-1.47, 6.72, 26.0]",[271],"{'df', 'dh', 'dw'}"
0,1,664.96,11,164,"[-1.47, 6.72, 23.0]",[239],{'dw'}
0,1,672.96,12,176,"[-1.47, 6.72, 14.0]",[143],{'dh'}
0,1,680.23,13,175,"[-1.47, 13.54, 14.0]",[142],{'dh'}
0,1,686.9200000000001,14,174,"[-1.47, 18.62, 14.0]",[141],{'dh'}
0,1,693.2500000000001,15,173,"[-1.47, 22.6, 14.0]",[140],{'dh'}
0,1,700.4700000000001,16,124,"[-5.0, 28.24, 14.0]",[139],{'dh'}
0,1,707.7200000000001,17,123,"[-5.0, 35.0, 14.0]",[138],{'dh'}
0,1,715.1700000000002,18,122,"[-5.0, 42.35, 14.0]",[137],{'dh'}
0,1,722.3500000000001,19,121,"[-5.0, 48.88, 14.0]",[136],{'dh'}
0,1,729.3400000000001,20,120,"[-5.0, 54.84, 14.0]",[135],{'dh'}
0,1,738.6600000000002,21,70,"[4.58, 63.37, 14.0]",[134],{'dh'}
0,1,745.9500000000002,22,71,"[11.44, 63.37, 14.0]",[133],{'dh'}
0,1,753.1400000000002,23,72,"[18.02, 63.37, 14.0]",[132],{'dh'}
0,1,761.1400000000002,24,63,"[18.02, 63.37, 23.0]",[228],{'dw'}
0,1,768.3300000000003,25,62,"[11.44, 63.37, 23.0]",[229],{'dw'}
0,1,775.6200000000002,26,61,"[4.58, 63.37, 23.0]",[230],{'dw'}
0,1,784.9400000000003,27,105,"[-5.0, 54.84, 23.0]",[231],{'dw'}
0,1,791.9300000000003,28,106,"[-5.0, 48.88, 23.0]",[232],{'dw'}
0,1,799.1100000000002,29,107,"[-5.0, 42.35, 23.0]",[233],{'dw'}
0,1,806.5600000000003,30,108,"[-5.0, 35.0, 23.0]",[234],{'dw'}
0,1,813.8100000000003,31,109,"[-5.0, 28.24, 23.0]",[235],{'dw'}
0,1,821.0300000000003,32,161,"[-1.47, 22.6, 23.0]",[236],{'dw'}
0,1,827.3600000000004,33,162,"[-1.47, 18.62, 23.0]",[237],{'dw'}
0,1,834.0500000000004,34,163,"[-1.47, 13.54, 23.0]",[238],{'dw'}
0,1,837.0500000000004,35,163,"[-1.47, 13.54, 23.0]",[238],{'dw'}
0,1,840.0500000000004,36,163,"[-1.47, 13.54, 23.0]",[238],{'dw'}
0,1,843.0500000000004,37,163,"[-1.47, 13.54, 23.0]",[238],{'dw'}
0,1,846.0500000000004,38,163,"[-1.47, 13.54, 23.0]",[238],{'dw'}
0,1,849.0500000000004,39,163,"[-1.47, 13.54, 23.0]",[238],{'dw'}
0,1,852.0500000000004,40,163,"[-1.47, 13.54, 23.0]",[238],{'dw'}
0,1,855.0500000000004,41,163,"[-1.47, 13.54, 23.0]",[238],{'dw'}
0,1,858.0500000000004,42,163,"[-1.47, 13.54, 23.0]",[238],{'dw'}
0,1,861.0500000000004,43,163,"[-1.47, 13.54, 23.0]",[238],{'dw'}
0,1,864.0500000000004,44,163,"[-1.47, 13.54, 23.0]",[238],{'dw'}
0,1,867.0500000000004,45,163,"[-1.47, 13.54, 23.0]",[238],{'dw'}
0,1,870.0500000000004,46,163,"[-1.47, 13.54, 23.0]",[238],{'dw'}
0,1,873.0500000000004,47,163,"[-1.47, 13.54, 23.0]",[238],{'dw'}
0,1,876.0500000000004,48,163,"[-1.47, 13.54, 23.0]",[238],{'dw'}
0,1,879.0500000000004,49,163,"[-1.47, 13.54, 23.0]",[238],{'dw'}
0,1,882.0500000000004,50,163,"[-1.47, 13.54, 23.0]",[238],{'dw'}
0,1,885.0500000000004,51,163,"[-1.47, 13.54, 23.0]",[238],{'dw'}
0,1,888.0500000000004,52,163,"[-1.47, 13.54, 23.0]",[238],{'dw'}
0,1,891.0500000000004,53,163,"[-1.47, 13.54, 23.0]",[238],{'dw'}
0,1,894.0500000000004,54,163,"[-1.47, 13.54, 23.0]",[238],{'dw'}
0,1,897.0500000000004,55,163,"[-1.47, 13.54, 23.0]",[238],{'dw'}
0,1,900.0500000000004,56,163,"[-1.47, 13.54, 23.0]",[238],{'dw'}
0,2,603.0,1,229,"[6.16, -5.0, 23.0]",[240],{'dw'}
0,2,610.16,2,230,"[12.64, -5.0, 23.0]",[241],{'dw'}
0,2,617.37,3,231,"[19.26, -5.0, 23.0]",[242],{'dw'}
0,2,624.55,4,232,"[25.8, -5.0, 23.0]",[243],{'dw'}
0,2,631.81,5,233,"[32.57, -5.0, 23.0]",[244],{'dw'}
0,2,639.05,6,234,"[39.29, -5.0, 23.0]",[245],{'dw'}
0,2,646.3399999999999,7,235,"[46.16, -5.0, 23.0]",[246],{'dw'}
0,2,653.5799999999999,8,236,"[52.89, -5.0, 23.0]",[247],{'dw'}
0,2,675.66,9,292,"[6.16, -5.0, 2.0]",[16],"{'df', 'dh', 'dw'}"
0,2,681.66,10,283,"[6.16, -5.0, 5.0]",[48],"{'df', 'dh', 'dw'}"
0,2,687.66,11,274,"[6.16, -5.0, 8.0]",[80],"{'df', 'dh', 'dw'}"
0,2,693.66,12,265,"[6.16, -5.0, 11.0]",[112],"{'df', 'dh', 'dw'}"
0,2,700.8199999999999,13,266,"[12.64, -5.0, 11.0]",[113],"{'df', 'dh', 'dw'}"
0,2,706.8199999999999,14,275,"[12.64, -5.0, 8.0]",[81],"{'df', 'dh', 'dw'}"
0,2,712.8199999999999,15,284,"[12.64, -5.0, 5.0]",[49],"{'df', 'dh', 'dw'}"
0,2,718.8199999999999,16,293,"[12.64, -5.0, 2.0]",[17],"{'df', 'dh', 'dw'}"
0,2,726.03,17,294,"[19.26, -5.0, 2.0]",[18],"{'df', 'dh', 'dw'}"
0,2,732.03,18,285,"[19.26, -5.0, 5.0]",[50],"{'df', 'dh', 'dw'}"
0,2,738.03,19,276,"[19.26, -5.0, 8.0]",[82],"{'df', 'dh', 'dw'}"
0,2,744.03,20,267,"[19.26, -5.0, 11.0]",[114],"{'df', 'dh', 'dw'}"
0,2,751.2099999999999,21,268,"[25.8, -5.0, 11.0]",[115],"{'df', 'dh', 'dw'}"
0,2,757.2099999999999,22,277,"[25.8, -5.0, 8.0]",[83],"{'df', 'dh', 'dw'}"
0,2,763.2099999999999,23,286,"[25.8, -5.0, 5.0]",[51],"{'df', 'dh', 'dw'}"
0,2,769.2099999999999,24,295,"[25.8, -5.0, 2.0]",[19],"{'df', 'dh', 'dw'}"
0,2,776.4699999999999,25,296,"[32.57, -5.0, 2.0]",[20],"{'df', 'dh', 'dw'}"
0,2,782.4699999999999,26,287,"[32.57, -5.0, 5.0]",[52],"{'df', 'dh', 'dw'}"
0,2,788.4699999999999,27,278,"[32.57, -5.0, 8.0]",[84],"{'df', 'dh', 'dw'}"
0,2,794.4699999999999,28,269,"[32.57, -5.0, 11.0]",[116],"{'df', 'dh', 'dw'}"
0,2,801.7099999999999,29,270,"[39.29, -5.0, 11.0]",[117],"{'df', 'dh', 'dw'}"
0,2,807.7099999999999,30,279,"[39.29, -5.0, 8.0]",[85],"{'df', 'dh', 'dw'}"
0,2,813.7099999999999,31,288,"[39.29, -5.0, 5.0]",[53],"{'df', 'dh', 'dw'}"
0,2,819.7099999999999,32,297,"[39.29, -5.0, 2.0]",[21],"{'df', 'dh', 'dw'}"
0,2,826.9999999999999,33,298,"[46.16, -5.0, 2.0]",[22],"{'df', 'dh', 'dw'}"
0,2,832.9999999999999,34,289,"[46.16, -5.0, 5.0]",[54],"{'df', 'dh', 'dw'}"
0,2,838.9999999999999,35,280,"[46.16, -5.0, 8.0]",[86],"{'df', 'dh', 'dw'}"
0,2,844.9999999999999,36,271,"[46.16, -5.0, 11.0]",[118],"{'df', 'dh', 'dw'}"
0,2,852.2399999999999,37,272,"[52.89, -5.0, 11.0]",[119],"{'df', 'dh', 'dw'}"
0,2,858.2399999999999,38,281,"[52.89, -5.0, 8.0]",[87],"{'df', 'dh', 'dw'}"
0,2,864.2399999999999,39,290,"[52.89, -5.0, 5.0]",[55],"{'df', 'dh', 'dw'}"
0,2,876.2399999999999,40,227,"[52.89, -5.0, 26.0]",[279],"{'df', 'df3', 'dh', 'dw'}"
0,2,889.2399999999999,41,299,"[52.89, -5.0, 2.0]",[23],"{'df', 'dh', 'dw'}"
0,2,897.1199999999999,42,300,"[61.52, -5.0, 2.0]",[24],"{'df', 'dh', 'dw'}"
0,2,903.1199999999999,43,291,"[61.52, -5.0, 5.0]",[56],"{'df', 'dh', 'dw'}"
0,0,903.0,1,383,"[59.46, 30.56, 2.0]",[29],"{'df', 'df2'}"
0,0,910.38,2,384,"[66.6, 30.56, 2.0]",[28],"{'df', 'mf', 'df2'}"
0,0,920.52,3,330,"[73.38, 18.12, 8.0]",[91],"{'df', 'dh2', 'mh'}"
0,0,927.86,4,329,"[73.38, 11.11, 8.0]",[90],"{'df', 'dh2', 'mh'}"
0,0,933.86,5,326,"[73.38, 11.11, 11.0]",[122],"{'df', 'dh2', 'mh'}"
0,0,939.86,6,323,"[73.38, 11.11, 14.0]",[154],"{'dh2', 'mh1'}"
0,0,947.86,7,332,"[73.38, 11.11, 5.0]",[58],"{'df', 'dh2', 'mh'}"
0,0,955.2,8,333,"[73.38, 18.12, 5.0]",[59],"{'df', 'df2'}"
0,0,961.2,9,336,"[73.38, 18.12, 2.0]",[27],"{'df', 'df2'}"
0,0,979.5400000000001,10,342,"[52.79, 30.56, 32.0]",[350],"{'df', 'dh2', 'mh'}"
0,0,985.5400000000001,11,338,"[52.79, 30.56, 35.0]",[382],"{'df', 'dh2', 'mh'}"
0,0,995.71,12,1,"[37.81, 34.58, 35.0]",[352],"{'df', 'dh2', 'mh'}"
0,0,1013.0400000000001,13,44,"[37.81, 56.22, 5.0]",[35],"{'df', 'dh2', 'mh'}"
0,0,1030.3400000000001,14,51,"[18.02, 63.37, 35.0]",[356],"{'df', 'dh2', 'mh'}"
0,0,1040.7300000000002,15,58,"[4.58, 63.37, 26.0]",[262],"{'df', 'dh2', 'mh'}"
0,0,1079.3200000000002,16,296,"[32.57, -5.0, 2.0]",[20],"{'df', 'dh2', 'mh'}"
0,0,1094.8000000000002,17,227,"[52.89, -5.0, 26.0]",[279],"{'df', 'mf', 'df2'}"
0,0,1102.8500000000001,18,219,"[61.52, -5.0, 29.0]",[312],"{'df', 'df2'}"
0,0,1123.7700000000002,19,380,"[66.6, 30.56, 5.0]",[60],"{'df', 'df2'}"
0,0,1131.1500000000003,20,379,"[59.46, 30.56, 5.0]",[61],"{'df', 'df2'}"
0,0,1134.1500000000003,21,379,"[59.46, 30.56, 5.0]",[61],"{'df', 'df2'}"
0,0,1137.1500000000003,22,379,"[59.46, 30.56, 5.0]",[61],"{'df', 'df2'}"
0,0,1140.1500000000003,23,379,"[59.46, 30.56, 5.0]",[61],"{'df', 'df2'}"
0,0,1143.1500000000003,24,379,"[59.46, 30.56, 5.0]",[61],"{'df', 'df2'}"
0,0,1146.1500000000003,25,379,"[59.46, 30.56, 5.0]",[61],"{'df', 'df2'}"
0,0,1153.5300000000004,26,380,"[66.6, 30.56, 5.0]",[60],"{'df', 'df2'}"
0,0,1160.9100000000005,27,379,"[59.46, 30.56, 5.0]",[61],"{'df', 'df2'}"
0,0,1163.9100000000005,28,379,"[59.46, 30.56, 5.0]",[61],"{'df', 'df2'}"
0,0,1166.9100000000005,29,379,"[59.46, 30.56, 5.0]",[61],"{'df', 'df2'}"
0,0,1169.9100000000005,30,379,"[59.46, 30.56, 5.0]",[61],"{'df', 'df2'}"
0,0,1172.9100000000005,31,379,"[59.46, 30.56, 5.0]",[61],"{'df', 'df2'}"
0,0,1175.9100000000005,32,379,"[59.46, 30.56, 5.0]",[61],"{'df', 'df2'}"
0,0,1178.9100000000005,33,379,"[59.46, 30.56, 5.0]",[61],"{'df', 'df2'}"
0,0,1181.9100000000005,34,379,"[59.46, 30.56, 5.0]",[61],"{'df', 'df2'}"
0,0,1189.2900000000006,35,380,"[66.6, 30.56, 5.0]",[60],"{'df', 'df2'}"
0,0,1196.6700000000008,36,379,"[59.46, 30.56, 5.0]",[61],"{'df', 'df2'}"
0,0,1199.6700000000008,37,379,"[59.46, 30.56, 5.0]",[61],"{'df', 'df2'}"
0,0,1202.6700000000008,38,379,"[59.46, 30.56, 5.0]",[61],"{'df', 'df2'}"
0,1,910.0,1,183,"[-1.47, 13.54, 8.0]",[78],"{'df', 'dh2', 'mh'}"
0,1,917.62,2,190,"[-1.47, 18.62, 2.0]",[13],"{'df', 'dh2', 'mh'}"
0,1,926.58,3,134,"[-5.0, 28.24, 8.0]",[75],"{'df', 'dh2', 'mh'}"
0,1,940.71,4,101,"[-5.0, 48.88, 26.0]",[264],"{'df', 'dh2', 'mh'}"
0,1,963.13,5,4,"[37.81, 56.22, 35.0]",[355],"{'df', 'dh2', 'mh'}"
0,1,980.46,6,41,"[37.81, 34.58, 5.0]",[32],"{'df', 'dh2', 'mh'}"
0,1,1003.49,7,331,"[73.38, 5.54, 5.0]",[57],"{'df', 'dh2', 'mh'}"
0,1,1023.52,8,269,"[32.57, -5.0, 11.0]",[116],"{'df', 'dh2', 'mh'}"
0,1,1032.96,9,267,"[19.26, -5.0, 11.0]",[114],"{'df', 'dh2', 'mh'}"
0,1,1038.96,10,276,"[19.26, -5.0, 8.0]",[82],"{'df', 'dh2', 'mh'}"
0,1,1051.96,11,204,"[19.26, -5.0, 32.0]",[338],"{'df', 'df2'}"
0,1,1066.15,12,226,"[46.16, -5.0, 26.0]",[278],"{'df', 'df2'}"
0,1,1069.15,13,226,"[46.16, -5.0, 26.0]",[278],"{'df', 'df2'}"
0,1,1072.15,14,226,"[46.16, -5.0, 26.0]",[278],"{'df', 'df2'}"
0,1,1075.15,15,226,"[46.16, -5.0, 26.0]",[278],"{'df', 'df2'}"
0,1,1078.15,16,226,"[46.16, -5.0, 26.0]",[278],"{'df', 'df2'}"
0,1,1092.3400000000001,17,204,"[19.26, -5.0, 32.0]",[338],"{'df', 'df2'}"
0,1,1106.5300000000002,18,226,"[46.16, -5.0, 26.0]",[278],"{'df', 'df2'}"
0,1,1109.5300000000002,19,226,"[46.16, -5.0, 26.0]",[278],"{'df', 'df2'}"
0,1,1112.5300000000002,20,226,"[46.16, -5.0, 26.0]",[278],"{'df', 'df2'}"
0,1,1115.5300000000002,21,226,"[46.16, -5.0, 26.0]",[278],"{'df', 'df2'}"
0,1,1118.5300000000002,22,226,"[46.16, -5.0, 26.0]",[278],"{'df', 'df2'}"
0,1,1132.7200000000003,23,204,"[19.26, -5.0, 32.0]",[338],"{'df', 'df2'}"
0,1,1146.9100000000003,24,226,"[46.16, -5.0, 26.0]",[278],"{'df', 'df2'}"
0,1,1162.7000000000003,25,276,"[19.26, -5.0, 8.0]",[82],"{'df', 'dh2', 'mh'}"
0,1,1168.7000000000003,26,267,"[19.26, -5.0, 11.0]",[114],"{'df', 'dh2', 'mh'}"
0,1,1183.9700000000003,27,226,"[46.16, -5.0, 26.0]",[278],"{'df', 'df2'}"
0,1,1195.7200000000003,28,269,"[32.57, -5.0, 11.0]",[116],"{'df', 'dh2', 'mh'}"
0,1,1207.4700000000003,29,226,"[46.16, -5.0, 26.0]",[278],"{'df', 'df2'}"
0,2,903.0,1,299,"[52.89, -5.0, 2.0]",[23],"{'df', 'dh2', 'mh'}"
0,2,917.0,2,218,"[52.89, -5.0, 29.0]",[311],"{'df', 'dh2', 'mh', 'df2'}"
0,2,928.85,3,206,"[32.57, -5.0, 32.0]",[340],"{'df', 'dh2', 'mh', 'df2'}"
0,2,936.32,4,214,"[25.8, -5.0, 29.0]",[307],"{'df', 'mf', 'dw2', 'df2'}"
0,2,942.32,5,223,"[25.8, -5.0, 26.0]",[275],"{'df', 'dh2', 'mh'}"
0,2,951.0300000000001,6,195,"[19.26, -5.0, 35.0]",[370],"{'df', 'dh2', 'mh'}"
0,2,960.4700000000001,7,197,"[32.57, -5.0, 35.0]",[372],"{'df', 'dh2', 'mh'}"
0,2,967.9200000000002,8,207,"[39.29, -5.0, 32.0]",[341],"{'df', 'dh2', 'mh'}"
0,2,974.9200000000002,9,225,"[39.29, -5.0, 26.0]",[277],"{'df', 'dh2', 'mh'}"
0,2,986.3200000000002,10,278,"[32.57, -5.0, 8.0]",[84],"{'df', 'dh2', 'mh'}"
0,2,993.5800000000002,11,277,"[25.8, -5.0, 8.0]",[83],"{'df', 'dh2', 'mh'}"
0,2,999.5800000000002,12,268,"[25.8, -5.0, 11.0]",[115],"{'df', 'dh2', 'mh'}"
0,2,1009.0800000000002,13,257,"[12.64, -5.0, 14.0]",[145],"{'dh2', 'mh1'}"
0,2,1018.0800000000002,14,293,"[12.64, -5.0, 2.0]",[17],"{'df', 'dh2', 'mh'}"
0,2,1032.6100000000001,15,175,"[-1.47, 13.54, 14.0]",[142],"{'dh2', 'mh1'}"
0,2,1045.89,16,103,"[-5.0, 35.0, 26.0]",[266],"{'df', 'dh2', 'mh'}"
0,2,1057.5,17,100,"[-5.0, 54.84, 26.0]",[263],"{'df', 'dh2', 'mh'}"
0,2,1082.6,18,2,"[37.81, 41.44, 35.0]",[353],"{'df', 'dh2', 'mh'}"
0,2,1102.5,19,309,"[73.38, 18.12, 29.0]",[315],"{'df', 'dh2', 'mh'}"
0,2,1110.58,20,302,"[73.38, 11.11, 35.0]",[378],"{'df', 'dh2', 'mh'}"
0,2,1123.37,21,228,"[61.52, -5.0, 26.0]",[280],"{'df', 'df2'}"
0,2,1133.59,22,217,"[46.16, -5.0, 29.0]",[310],"{'df', 'df2'}"
0,2,1143.12,23,215,"[32.57, -5.0, 29.0]",[308],"{'df', 'df2'}"
0,2,1150.59,24,205,"[25.8, -5.0, 32.0]",[339],"{'df', 'df2'}"
0,2,1157.99,25,213,"[19.26, -5.0, 29.0]",[306],"{'df', 'df2'}"
0,2,1160.99,26,213,"[19.26, -5.0, 29.0]",[306],"{'df', 'df2'}"
0,2,1163.99,27,213,"[19.26, -5.0, 29.0]",[306],"{'df', 'df2'}"
0,2,1166.99,28,213,"[19.26, -5.0, 29.0]",[306],"{'df', 'df2'}"
0,2,1169.99,29,213,"[19.26, -5.0, 29.0]",[306],"{'df', 'df2'}"
0,2,1172.99,30,213,"[19.26, -5.0, 29.0]",[306],"{'df', 'df2'}"
0,2,1175.99,31,213,"[19.26, -5.0, 29.0]",[306],"{'df', 'df2'}"
0,2,1178.99,32,213,"[19.26, -5.0, 29.0]",[306],"{'df', 'df2'}"
0,2,1181.99,33,213,"[19.26, -5.0, 29.0]",[306],"{'df', 'df2'}"
0,2,1184.99,34,213,"[19.26, -5.0, 29.0]",[306],"{'df', 'df2'}"
0,2,1187.99,35,213,"[19.26, -5.0, 29.0]",[306],"{'df', 'df2'}"
0,2,1190.99,36,213,"[19.26, -5.0, 29.0]",[306],"{'df', 'df2'}"
0,2,1193.99,37,213,"[19.26, -5.0, 29.0]",[306],"{'df', 'df2'}"
0,2,1196.99,38,213,"[19.26, -5.0, 29.0]",[306],"{'df', 'df2'}"
0,2,1199.99,39,213,"[19.26, -5.0, 29.0]",[306],"{'df', 'df2'}"
0,2,1202.99,40,213,"[19.26, -5.0, 29.0]",[306],"{'df', 'df2'}"
0,0,1206.0,1,383,"[59.46, 30.56, 2.0]",[29],"{'df', 'df2'}"
0,0,1213.38,2,384,"[66.6, 30.56, 2.0]",[28],"{'df', 'mf', 'df2'}"
0,0,1223.1200000000001,3,336,"[73.38, 18.12, 2.0]",[27],"{'df', 'df2'}"
0,0,1229.1200000000001,4,333,"[73.38, 18.12, 5.0]",[59],"{'df', 'df2'}"
0,0,1246.5000000000002,5,219,"[61.52, -5.0, 29.0]",[312],"{'df', 'df2'}"
0,0,1254.5500000000002,6,227,"[52.89, -5.0, 26.0]",[279],"{'df', 'mf', 'df2'}"
0,0,1277.4500000000003,7,380,"[66.6, 30.56, 5.0]",[60],"{'df', 'df2'}"
0,0,1287.2900000000002,8,330,"[73.38, 18.12, 8.0]",[91],"{'df', 'dh2', 'mh'}"
0,0,1294.63,9,329,"[73.38, 11.11, 8.0]",[90],"{'df', 'dh2', 'mh'}"
0,0,1300.63,10,326,"[73.38, 11.11, 11.0]",[122],"{'df', 'dh2', 'mh'}"
0,0,1307.63,11,332,"[73.38, 11.11, 5.0]",[58],"{'df', 'dh2', 'mh'}"
0,0,1326.88,12,342,"[52.79, 30.56, 32.0]",[350],"{'df', 'dh2', 'mh'}"
0,0,1332.88,13,338,"[52.79, 30.56, 35.0]",[382],"{'df', 'dh2', 'mh'}"
0,0,1343.0500000000002,14,1,"[37.81, 34.58, 35.0]",[352],"{'df', 'dh2', 'mh'}"
0,0,1360.38,15,44,"[37.81, 56.22, 5.0]",[35],"{'df', 'dh2', 'mh'}"
0,0,1377.68,16,51,"[18.02, 63.37, 35.0]",[356],"{'df', 'dh2', 'mh'}"
0,0,1388.0700000000002,17,58,"[4.58, 63.37, 26.0]",[262],"{'df', 'dh2', 'mh'}"
0,0,1426.66,18,296,"[32.57, -5.0, 2.0]",[20],"{'df', 'dh2', 'mh'}"
0,0,1456.8100000000002,19,379,"[59.46, 30.56, 5.0]",[61],"{'df', 'df2'}"
0,0,1479.4500000000003,20,219,"[61.52, -5.0, 29.0]",[312],"{'df', 'df2'}"
0,0,1493.2100000000003,21,323,"[73.38, 11.11, 14.0]",[154],"{'dh2', 'mh1'}"
0,0,1507.6200000000003,22,379,"[59.46, 30.56, 5.0]",[61],"{'df', 'df2'}"
0,1,1211.75,1,269,"[32.57, -5.0, 11.0]",[116],"{'df', 'dh2', 'mh'}"
0,1,1231.78,2,331,"[73.38, 5.54, 5.0]",[57],"{'df', 'dh2', 'mh'}"
0,1,1254.81,3,41,"[37.81, 34.58, 5.0]",[32],"{'df', 'dh2', 'mh'}"
0,1,1272.1399999999999,4,4,"[37.81, 56.22, 35.0]",[355],"{'df', 'dh2', 'mh'}"
0,1,1294.56,5,101,"[-5.0, 48.88, 26.0]",[264],"{'df', 'dh2', 'mh'}"
0,1,1308.69,6,134,"[-5.0, 28.24, 8.0]",[75],"{'df', 'dh2', 'mh'}"
0,1,1317.65,7,190,"[-1.47, 18.62, 2.0]",[13],"{'df', 'dh2', 'mh'}"
0,1,1325.27,8,183,"[-1.47, 13.54, 8.0]",[78],"{'df', 'dh2', 'mh'}"
0,1,1343.68,9,204,"[19.26, -5.0, 32.0]",[338],"{'df', 'df2'}"
0,1,1357.8700000000001,10,226,"[46.16, -5.0, 26.0]",[278],"{'df', 'df2'}"
0,1,1373.66,11,276,"[19.26, -5.0, 8.0]",[82],"{'df', 'dh2', 'mh'}"
0,1,1379.66,12,267,"[19.26, -5.0, 11.0]",[114],"{'df', 'dh2', 'mh'}"
0,1,1389.1000000000001,13,269,"[32.57, -5.0, 11.0]",[116],"{'df', 'dh2', 'mh'}"
0,1,1407.44,14,192,"[-1.47, 6.72, 2.0]",[15],{'df'}
0,1,1413.44,15,188,"[-1.47, 6.72, 5.0]",[47],{'df'}
0,1,1430.91,16,204,"[19.26, -5.0, 32.0]",[338],"{'df', 'df2'}"
0,1,1445.1000000000001,17,226,"[46.16, -5.0, 26.0]",[278],"{'df', 'df2'}"
0,1,1470.63,18,183,"[-1.47, 13.54, 8.0]",[78],"{'df', 'dh2', 'mh'}"
0,1,1477.9,19,184,"[-1.47, 6.72, 8.0]",[79],{'df'}
0,1,1510.65,20,331,"[73.38, 5.54, 5.0]",[57],"{'df', 'dh2', 'mh'}"
0,2,1207.18,1,214,"[25.8, -5.0, 29.0]",[307],"{'df', 'mf', 'dw2', 'df2'}"
0,2,1213.18,2,205,"[25.8, -5.0, 32.0]",[339],"{'df', 'df2'}"
0,2,1220.44,3,206,"[32.57, -5.0, 32.0]",[340],"{'df', 'dh2', 'mh', 'df2'}"
0,2,1226.44,4,215,"[32.57, -5.0, 29.0]",[308],"{'df', 'df2'}"
0,2,1235.97,5,217,"[46.16, -5.0, 29.0]",[310],"{'df', 'df2'}"
0,2,1243.21,6,218,"[52.89, -5.0, 29.0]",[311],"{'df', 'dh2', 'mh', 'df2'}"
0,2,1251.26,7,228,"[61.52, -5.0, 26.0]",[280],"{'df', 'df2'}"
0,2,1270.3799999999999,8,213,"[19.26, -5.0, 29.0]",[306],"{'df', 'df2'}"
0,2,1277.3799999999999,9,195,"[19.26, -5.0, 35.0]",[370],"{'df', 'dh2', 'mh'}"
0,2,1286.09,10,223,"[25.8, -5.0, 26.0]",[275],"{'df', 'dh2', 'mh'}"
0,2,1294.84,11,197,"[32.57, -5.0, 35.0]",[372],"{'df', 'dh2', 'mh'}"
0,2,1302.29,12,207,"[39.29, -5.0, 32.0]",[341],"{'df', 'dh2', 'mh'}"
0,2,1309.29,13,225,"[39.29, -5.0, 26.0]",[277],"{'df', 'dh2', 'mh'}"
0,2,1320.69,14,278,"[32.57, -5.0, 8.0]",[84],"{'df', 'dh2', 'mh'}"
0,2,1327.95,15,277,"[25.8, -5.0, 8.0]",[83],"{'df', 'dh2', 'mh'}"
0,2,1333.95,16,268,"[25.8, -5.0, 11.0]",[115],"{'df', 'dh2', 'mh'}"
0,2,1344.26,17,293,"[12.64, -5.0, 2.0]",[17],"{'df', 'dh2', 'mh'}"
0,2,1362.68,18,299,"[52.89, -5.0, 2.0]",[23],"{'df', 'dh2', 'mh'}"
0,2,1382.48,19,302,"[73.38, 11.11, 35.0]",[378],"{'df', 'dh2', 'mh'}"
0,2,1390.56,20,309,"[73.38, 18.12, 29.0]",[315],"{'df', 'dh2', 'mh'}"
0,2,1410.46,21,2,"[37.81, 41.44, 35.0]",[353],"{'df', 'dh2', 'mh'}"
0,2,1435.56,22,100,"[-5.0, 54.84, 26.0]",[263],"{'df', 'dh2', 'mh'}"
0,2,1447.1699999999998,23,103,"[-5.0, 35.0, 26.0]",[266],"{'df', 'dh2', 'mh'}"
0,2,1472.3999999999999,24,205,"[25.8, -5.0, 32.0]",[339],"{'df', 'df2'}"
0,2,1479.87,25,215,"[32.57, -5.0, 29.0]",[308],"{'df', 'df2'}"
0,2,1489.3999999999999,26,217,"[46.16, -5.0, 29.0]",[310],"{'df', 'df2'}"
0,2,1501.2599999999998,27,205,"[25.8, -5.0, 32.0]",[339],"{'df', 'df2'}"
0,0,1514.77,1,383,"[59.46, 30.56, 2.0]",[29],"{'df', 'mf', 'dw2', 'df2'}"
0,0,1521.99,2,382,"[52.79, 30.56, 2.0]",[30],"{'df', 'df2'}"
0,0,1527.99,3,378,"[52.79, 30.56, 5.0]",[62],"{'df', 'df2'}"
0,0,1544.44,4,323,"[73.38, 11.11, 14.0]",[154],"{'dh2', 'mh1'}"
0,0,1557.46,5,384,"[66.6, 30.56, 2.0]",[28],"{'df', 'mf', 'df2'}"
0,0,1567.2,6,336,"[73.38, 18.12, 2.0]",[27],"{'df', 'df2'}"
0,0,1573.2,7,333,"[73.38, 18.12, 5.0]",[59],"{'df', 'df2'}"
0,0,1592.24,8,227,"[52.89, -5.0, 26.0]",[279],"{'df', 'mf', 'df2'}"
0,0,1615.14,9,380,"[66.6, 30.56, 5.0]",[60],"{'df', 'df2'}"
0,0,1624.98,10,330,"[73.38, 18.12, 8.0]",[91],"{'df', 'dh2', 'mh'}"
0,0,1632.32,11,329,"[73.38, 11.11, 8.0]",[90],"{'df', 'dh2', 'mh'}"
0,0,1638.32,12,326,"[73.38, 11.11, 11.0]",[122],"{'df', 'dh2', 'mh'}"
0,0,1645.32,13,332,"[73.38, 11.11, 5.0]",[58],"{'df', 'dh2', 'mh'}"
0,0,1664.57,14,342,"[52.79, 30.56, 32.0]",[350],"{'df', 'dh2', 'mh'}"
0,0,1677.57,15,374,"[52.79, 30.56, 8.0]",[94],{'df'}
0,0,1683.57,16,370,"[52.79, 30.56, 11.0]",[126],{'df'}
0,0,1696.57,17,338,"[52.79, 30.56, 35.0]",[382],"{'df', 'dh2', 'mh'}"
0,0,1709.8899999999999,18,369,"[45.97, 30.56, 11.0]",[127],{'df'}
0,0,1715.8899999999999,19,373,"[45.97, 30.56, 8.0]",[95],{'df'}
0,0,1721.8899999999999,20,377,"[45.97, 30.56, 5.0]",[63],{'df'}
0,0,1727.8899999999999,21,381,"[45.97, 30.56, 2.0]",[31],{'df'}
0,0,1735.9199999999998,22,45,"[37.81, 34.58, 2.0]",[0],{'df'}
0,0,1751.9199999999998,23,1,"[37.81, 34.58, 35.0]",[352],"{'df', 'dh2', 'mh'}"
0,0,1765.9199999999998,24,37,"[37.81, 34.58, 8.0]",[64],{'df'}
0,0,1771.9199999999998,25,33,"[37.81, 34.58, 11.0]",[96],{'df'}
0,0,1779.2099999999998,26,34,"[37.81, 41.44, 11.0]",[97],{'df'}
0,0,1785.2099999999998,27,38,"[37.81, 41.44, 8.0]",[65],{'df'}
0,0,1791.2099999999998,28,42,"[37.81, 41.44, 5.0]",[33],{'df'}
0,0,1797.2099999999998,29,46,"[37.81, 41.44, 2.0]",[1],{'df'}
0,0,1804.3999999999999,30,47,"[37.81, 48.02, 2.0]",[2],{'df'}
0,1,1532.81,1,180,"[-1.47, 6.72, 11.0]",[111],{'df'}
0,1,1540.08,2,179,"[-1.47, 13.54, 11.0]",[110],{'df'}
0,1,1547.08,3,187,"[-1.47, 13.54, 5.0]",[46],{'df'}
0,1,1553.08,4,191,"[-1.47, 13.54, 2.0]",[14],{'df'}
0,1,1560.05,5,186,"[-1.47, 18.62, 5.0]",[45],{'df'}
0,1,1566.05,6,182,"[-1.47, 18.62, 8.0]",[77],{'df'}
0,1,1572.05,7,178,"[-1.47, 18.62, 11.0]",[109],{'df'}
0,1,1578.3799999999999,8,177,"[-1.47, 22.6, 11.0]",[108],{'df'}
0,1,1616.26,9,331,"[73.38, 5.54, 5.0]",[57],"{'df', 'dh2', 'mh'}"
0,1,1654.1,10,181,"[-1.47, 22.6, 8.0]",[76],{'df'}
0,1,1660.1,11,185,"[-1.47, 22.6, 5.0]",[44],{'df'}
0,1,1697.48,12,41,"[37.81, 34.58, 5.0]",[32],"{'df', 'dh2', 'mh'}"
0,1,1714.81,13,4,"[37.81, 56.22, 35.0]",[355],"{'df', 'dh2', 'mh'}"
0,1,1748.97,14,190,"[-1.47, 18.62, 2.0]",[13],"{'df', 'dh2', 'mh'}"
0,1,1757.93,15,134,"[-5.0, 28.24, 8.0]",[75],"{'df', 'dh2', 'mh'}"
0,1,1772.0600000000002,16,101,"[-5.0, 48.88, 26.0]",[264],"{'df', 'dh2', 'mh'}"
0,1,1788.9800000000002,17,189,"[-1.47, 22.6, 2.0]",[12],{'df'}
0,1,1796.2000000000003,18,144,"[-5.0, 28.24, 2.0]",[11],{'df'}
0,1,1802.2000000000003,19,139,"[-5.0, 28.24, 5.0]",[43],{'df'}
0,2,1517.24,1,257,"[12.64, -5.0, 14.0]",[145],"{'dh2', 'mh1'}"
0,2,1530.89,2,175,"[-1.47, 13.54, 14.0]",[142],"{'dh2', 'mh1'}"
0,2,1549.72,3,214,"[25.8, -5.0, 29.0]",[307],"{'df', 'mf', 'dw2', 'df2'}"
0,2,1557.19,4,206,"[32.57, -5.0, 32.0]",[340],"{'df', 'dh2', 'mh', 'df2'}"
0,2,1569.04,5,218,"[52.89, -5.0, 29.0]",[311],"{'df', 'dh2', 'mh', 'df2'}"
0,2,1576.28,6,217,"[46.16, -5.0, 29.0]",[310],"{'df', 'df2'}"
0,2,1586.5,7,228,"[61.52, -5.0, 26.0]",[280],"{'df', 'df2'}"
0,2,1605.9,8,195,"[19.26, -5.0, 35.0]",[370],"{'df', 'dh2', 'mh'}"
0,2,1614.6100000000001,9,223,"[25.8, -5.0, 26.0]",[275],"{'df', 'dh2', 'mh'}"
0,2,1631.67,10,299,"[52.89, -5.0, 2.0]",[23],"{'df', 'dh2', 'mh'}"
0,2,1649.5900000000001,11,197,"[32.57, -5.0, 35.0]",[372],"{'df', 'dh2', 'mh'}"
0,2,1657.0400000000002,12,207,"[39.29, -5.0, 32.0]",[341],"{'df', 'dh2', 'mh'}"
0,2,1668.7900000000002,13,213,"[19.26, -5.0, 29.0]",[306],"{'df', 'df2'}"
0,2,1680.5400000000002,14,225,"[39.29, -5.0, 26.0]",[277],"{'df', 'dh2', 'mh'}"
0,2,1691.9400000000003,15,278,"[32.57, -5.0, 8.0]",[84],"{'df', 'dh2', 'mh'}"
0,2,1699.2000000000003,16,277,"[25.8, -5.0, 8.0]",[83],"{'df', 'dh2', 'mh'}"
0,2,1705.2000000000003,17,268,"[25.8, -5.0, 11.0]",[115],"{'df', 'dh2', 'mh'}"
0,2,1715.5100000000002,18,293,"[12.64, -5.0, 2.0]",[17],"{'df', 'dh2', 'mh'}"
0,2,1738.2900000000002,19,103,"[-5.0, 35.0, 26.0]",[266],"{'df', 'dh2', 'mh'}"
0,2,1749.9,20,100,"[-5.0, 54.84, 26.0]",[263],"{'df', 'dh2', 'mh'}"
0,2,1794.21,21,300,"[61.52, -5.0, 2.0]",[24],{'df'}
0,2,1825.42,22,2,"[37.81, 41.44, 35.0]",[353],"{'df', 'dh2', 'mh'}"
0,0,1815.31,1,380,"[66.6, 30.56, 5.0]",[60],"{'df', 'mf', 'dw2', 'df2'}"
0,0,1825.1499999999999,2,336,"[73.38, 18.12, 2.0]",[27],"{'df', 'mf', 'dw2', 'df2'}"
0,0,1832.1499999999999,3,330,"[73.38, 18.12, 8.0]",[91],"{'df', 'dh2', 'mh', 'df2'}"
0,0,1839.6899999999998,4,332,"[73.38, 11.11, 5.0]",[58],"{'df', 'dh2', 'mh', 'df2'}"
0,0,1845.6899999999998,5,335,"[73.38, 11.11, 2.0]",[26],"{'df', 'df2'}"
0,0,1857.9199999999998,6,376,"[66.6, 30.56, 8.0]",[92],"{'df', 'df2'}"
0,0,1865.3,7,375,"[59.46, 30.56, 8.0]",[93],"{'df', 'df2'}"
0,0,1882.59,8,310,"[73.38, 5.54, 26.0]",[281],"{'df', 'df2'}"
0,0,1888.59,9,307,"[73.38, 5.54, 29.0]",[313],"{'df', 'df2'}"
0,0,1916.61,10,44,"[37.81, 56.22, 5.0]",[35],"{'df', 'dh2', 'mh'}"
0,0,1933.9099999999999,11,51,"[18.02, 63.37, 35.0]",[356],"{'df', 'dh2', 'mh'}"
0,0,1944.3,12,58,"[4.58, 63.37, 26.0]",[262],"{'df', 'dh2', 'mh'}"
0,0,1982.8899999999999,13,296,"[32.57, -5.0, 2.0]",[20],"{'df', 'dh2', 'mh'}"
0,0,2013.04,14,379,"[59.46, 30.56, 5.0]",[61],"{'df', 'df2'}"
0,0,2035.68,15,219,"[61.52, -5.0, 29.0]",[312],"{'df', 'df2'}"
0,0,2058.8,16,383,"[59.46, 30.56, 2.0]",[29],"{'df', 'mf', 'dw2', 'df2'}"
0,0,2066.02,17,382,"[52.79, 30.56, 2.0]",[30],"{'df', 'df2'}"
0,0,2072.02,18,378,"[52.79, 30.56, 5.0]",[62],"{'df', 'df2'}"
0,0,2081.73,19,384,"[66.6, 30.56, 2.0]",[28],"{'df', 'mf', 'df2'}"
0,0,2091.57,20,333,"[73.38, 18.12, 5.0]",[59],"{'df', 'df2'}"
0,0,2111.3700000000003,21,38,"[37.81, 41.44, 8.0]",[65],{'df'}
0,1,1818.86,1,276,"[19.26, -5.0, 8.0]",[82],"{'df', 'dh2', 'mh'}"
0,1,1824.86,2,267,"[19.26, -5.0, 11.0]",[114],"{'df', 'dh2', 'mh'}"
0,1,1834.3,3,269,"[32.57, -5.0, 11.0]",[116],"{'df', 'dh2', 'mh'}"
0,1,1847.59,4,204,"[19.26, -5.0, 32.0]",[338],"{'df', 'df2'}"
0,1,1861.78,5,226,"[46.16, -5.0, 26.0]",[278],"{'df', 'df2'}"
0,1,1890.74,6,189,"[-1.47, 22.6, 2.0]",[12],{'df'}
0,1,1897.96,7,144,"[-5.0, 28.24, 2.0]",[11],{'df'}
0,1,1903.96,8,139,"[-5.0, 28.24, 5.0]",[43],{'df'}
0,1,1910.96,9,129,"[-5.0, 28.24, 11.0]",[107],{'df'}
0,1,1918.21,10,128,"[-5.0, 35.0, 11.0]",[106],{'df'}
0,1,1924.21,11,133,"[-5.0, 35.0, 8.0]",[74],{'df'}
0,1,1930.21,12,138,"[-5.0, 35.0, 5.0]",[42],{'df'}
0,1,1936.21,13,143,"[-5.0, 35.0, 2.0]",[10],{'df'}
0,1,1943.66,14,142,"[-5.0, 42.35, 2.0]",[9],{'df'}
0,1,1949.66,15,137,"[-5.0, 42.35, 5.0]",[41],{'df'}
0,1,1955.66,16,132,"[-5.0, 42.35, 8.0]",[73],{'df'}
0,1,1961.66,17,127,"[-5.0, 42.35, 11.0]",[105],{'df'}
0,1,1968.8400000000001,18,126,"[-5.0, 48.88, 11.0]",[104],{'df'}
0,1,1974.8400000000001,19,131,"[-5.0, 48.88, 8.0]",[72],{'df'}
0,1,1980.8400000000001,20,136,"[-5.0, 48.88, 5.0]",[40],{'df'}
0,1,1986.8400000000001,21,141,"[-5.0, 48.88, 2.0]",[8],{'df'}
0,1,1993.8300000000002,22,140,"[-5.0, 54.84, 2.0]",[7],{'df'}
0,1,1999.8300000000002,23,135,"[-5.0, 54.84, 5.0]",[39],{'df'}
0,1,2005.8300000000002,24,130,"[-5.0, 54.84, 8.0]",[71],{'df'}
0,1,2011.8300000000002,25,125,"[-5.0, 54.84, 11.0]",[103],{'df'}
0,1,2021.15,26,73,"[4.58, 63.37, 11.0]",[102],{'df'}
0,1,2027.15,27,76,"[4.58, 63.37, 8.0]",[70],{'df'}
0,1,2033.15,28,79,"[4.58, 63.37, 5.0]",[38],{'df'}
0,1,2039.15,29,82,"[4.58, 63.37, 2.0]",[6],{'df'}
0,1,2061.86,30,183,"[-1.47, 13.54, 8.0]",[78],"{'df', 'dh2', 'mh'}"
0,1,2086.6400000000003,31,83,"[11.44, 63.37, 2.0]",[5],{'df'}
0,1,2092.6400000000003,32,80,"[11.44, 63.37, 5.0]",[37],{'df'}
0,1,2098.6400000000003,33,77,"[11.44, 63.37, 8.0]",[69],{'df'}
0,1,2101.6400000000003,34,77,"[11.44, 63.37, 8.0]",[69],{'df'}
0,2,1813.0,1,228,"[61.52, -5.0, 26.0]",[280],"{'df', 'mf', 'dw2', 'df2'}"
0,2,1832.12,2,213,"[19.26, -5.0, 29.0]",[306],"{'df', 'mf', 'dw2', 'df2'}"
0,2,1839.33,3,212,"[12.64, -5.0, 29.0]",[305],"{'df', 'df2'}"
0,2,1845.33,4,203,"[12.64, -5.0, 32.0]",[337],"{'df', 'df2'}"
0,2,1873.56,5,302,"[73.38, 11.11, 35.0]",[378],"{'df', 'dh2', 'mh'}"
0,2,1881.6399999999999,6,309,"[73.38, 18.12, 29.0]",[315],"{'df', 'dh2', 'mh'}"
0,2,1901.54,7,2,"[37.81, 41.44, 35.0]",[353],"{'df', 'dh2', 'mh'}"
0,2,1941.99,8,205,"[25.8, -5.0, 32.0]",[339],"{'df', 'df2'}"
0,2,1949.46,9,215,"[32.57, -5.0, 29.0]",[308],"{'df', 'df2'}"
0,2,1956.72,10,214,"[25.8, -5.0, 29.0]",[307],"{'df', 'mf', 'dw2', 'df2'}"
0,2,1964.19,11,206,"[32.57, -5.0, 32.0]",[340],"{'df', 'dh2', 'mh', 'df2'}"
0,2,1976.04,12,218,"[52.89, -5.0, 29.0]",[311],"{'df', 'dh2', 'mh', 'df2'}"
0,2,1983.28,13,217,"[46.16, -5.0, 29.0]",[310],"{'df', 'df2'}"
0,2,1998.6299999999999,14,300,"[61.52, -5.0, 2.0]",[24],{'df'}
0,2,2004.6299999999999,15,291,"[61.52, -5.0, 5.0]",[56],{'df'}
0,2,2010.6299999999999,16,282,"[61.52, -5.0, 8.0]",[88],{'df'}
0,2,2016.6299999999999,17,273,"[61.52, -5.0, 11.0]",[120],{'df'}
0,2,2037.9499999999998,18,257,"[12.64, -5.0, 14.0]",[145],"{'dh2', 'mh1'}"
0,2,2057.6499999999996,19,209,"[52.89, -5.0, 32.0]",[343],{'df'}
0,2,2063.6499999999996,20,200,"[52.89, -5.0, 35.0]",[375],{'df'}
0,2,2070.8899999999994,21,199,"[46.16, -5.0, 35.0]",[374],{'df'}
0,2,2076.8899999999994,22,208,"[46.16, -5.0, 32.0]",[342],{'df'}
0,2,2102.4199999999996,23,175,"[-1.47, 13.54, 14.0]",[142],"{'dh2', 'mh1'}"
0,0,2103.0,1,384,"[66.6, 30.56, 2.0]",[28],"{'df', 'mf', 'df2'}"
0,0,2112.84,2,333,"[73.38, 18.12, 5.0]",[59],"{'df', 'df2'}"
0,0,2131.88,3,227,"[52.89, -5.0, 26.0]",[279],"{'df', 'mf', 'df2'}"
0,0,2147.56,4,323,"[73.38, 11.11, 14.0]",[154],"{'dh2', 'mh1'}"
0,0,2154.56,5,329,"[73.38, 11.11, 8.0]",[90],"{'df', 'dh2', 'mh'}"
0,0,2160.56,6,326,"[73.38, 11.11, 11.0]",[122],"{'df', 'dh2', 'mh'}"
0,0,2182.57,7,38,"[37.81, 41.44, 8.0]",[65],{'df'}
0,0,2188.57,8,42,"[37.81, 41.44, 5.0]",[33],{'df'}
0,0,2194.57,9,46,"[37.81, 41.44, 2.0]",[1],{'df'}
0,0,2201.76,10,47,"[37.81, 48.02, 2.0]",[2],{'df'}
0,0,2219.36,11,342,"[52.79, 30.56, 32.0]",[350],"{'df', 'dh2', 'mh'}"
0,0,2236.1800000000003,12,43,"[37.81, 48.02, 5.0]",[34],{'df'}
0,0,2242.1800000000003,13,39,"[37.81, 48.02, 8.0]",[66],{'df'}
0,0,2248.1800000000003,14,35,"[37.81, 48.02, 11.0]",[98],{'df'}
0,0,2255.9100000000003,15,36,"[37.81, 56.22, 11.0]",[99],{'df'}
0,0,2261.9100000000003,16,40,"[37.81, 56.22, 8.0]",[67],{'df'}
0,0,2268.9100000000003,17,48,"[37.81, 56.22, 2.0]",[3],{'df'}
0,0,2281.9100000000003,18,16,"[37.81, 56.22, 26.0]",[259],{'df'}
0,0,2287.9100000000003,19,12,"[37.81, 56.22, 29.0]",[291],{'df'}
0,0,2293.9100000000003,20,8,"[37.81, 56.22, 32.0]",[323],{'df'}
0,0,2301.82,21,3,"[37.81, 48.02, 35.0]",[354],{'df'}
0,0,2307.82,22,7,"[37.81, 48.02, 32.0]",[322],{'df'}
0,0,2320.55,23,338,"[52.79, 30.56, 35.0]",[382],"{'df', 'dh2', 'mh'}"
0,0,2333.48,24,11,"[37.81, 48.02, 29.0]",[290],{'df'}
0,0,2339.48,25,15,"[37.81, 48.02, 26.0]",[258],{'df'}
0,0,2346.67,26,14,"[37.81, 41.44, 26.0]",[257],{'df'}
0,0,2352.67,27,10,"[37.81, 41.44, 29.0]",[289],{'df'}
0,0,2358.67,28,6,"[37.81, 41.44, 32.0]",[321],{'df'}
0,0,2365.96,29,5,"[37.81, 34.58, 32.0]",[320],{'df'}
0,0,2371.96,30,9,"[37.81, 34.58, 29.0]",[288],{'df'}
0,0,2377.96,31,13,"[37.81, 34.58, 26.0]",[256],{'df'}
0,0,2385.9900000000002,32,349,"[45.97, 30.56, 26.0]",[287],{'df'}
0,0,2391.9900000000002,33,345,"[45.97, 30.56, 29.0]",[319],{'df'}
0,0,2397.9900000000002,34,341,"[45.97, 30.56, 32.0]",[351],{'df'}
0,0,2403.9900000000002,35,337,"[45.97, 30.56, 35.0]",[383],{'df'}
0,1,2135.91,1,331,"[73.38, 5.54, 5.0]",[57],"{'df', 'dh2', 'mh'}"
0,1,2171.8199999999997,2,83,"[11.44, 63.37, 2.0]",[5],{'df'}
0,1,2177.8199999999997,3,80,"[11.44, 63.37, 5.0]",[37],{'df'}
0,1,2183.8199999999997,4,77,"[11.44, 63.37, 8.0]",[69],{'df'}
0,1,2189.8199999999997,5,74,"[11.44, 63.37, 11.0]",[101],{'df'}
0,1,2210.9599999999996,6,41,"[37.81, 34.58, 5.0]",[32],"{'df', 'dh2', 'mh'}"
0,1,2229.97,7,75,"[18.02, 63.37, 11.0]",[100],{'df'}
0,1,2235.97,8,78,"[18.02, 63.37, 8.0]",[68],{'df'}
0,1,2241.97,9,81,"[18.02, 63.37, 5.0]",[36],{'df'}
0,1,2247.97,10,84,"[18.02, 63.37, 2.0]",[4],{'df'}
0,1,2260.97,11,60,"[18.02, 63.37, 26.0]",[260],{'df'}
0,1,2266.97,12,57,"[18.02, 63.37, 29.0]",[292],{'df'}
0,1,2272.97,13,54,"[18.02, 63.37, 32.0]",[324],{'df'}
0,1,2280.3799999999997,14,50,"[11.44, 63.37, 35.0]",[357],{'df'}
0,1,2294.6899999999996,15,4,"[37.81, 56.22, 35.0]",[355],"{'df', 'dh2', 'mh'}"
0,1,2309.0499999999997,16,53,"[11.44, 63.37, 32.0]",[325],{'df'}
0,1,2315.0499999999997,17,56,"[11.44, 63.37, 29.0]",[293],{'df'}
0,1,2321.0499999999997,18,59,"[11.44, 63.37, 26.0]",[261],{'df'}
0,1,2328.5499999999997,19,55,"[4.58, 63.37, 29.0]",[294],{'df'}
0,1,2334.5499999999997,20,52,"[4.58, 63.37, 32.0]",[326],{'df'}
0,1,2340.5499999999997,21,49,"[4.58, 63.37, 35.0]",[358],{'df'}
0,1,2349.87,22,85,"[-5.0, 54.84, 35.0]",[359],{'df'}
0,1,2355.87,23,90,"[-5.0, 54.84, 32.0]",[327],{'df'}
0,1,2361.87,24,95,"[-5.0, 54.84, 29.0]",[295],{'df'}
0,1,2368.8599999999997,25,96,"[-5.0, 48.88, 29.0]",[296],{'df'}
0,1,2374.8599999999997,26,91,"[-5.0, 48.88, 32.0]",[328],{'df'}
0,1,2380.8599999999997,27,86,"[-5.0, 48.88, 35.0]",[360],{'df'}
0,1,2388.0399999999995,28,87,"[-5.0, 42.35, 35.0]",[361],{'df'}
0,1,2394.0399999999995,29,92,"[-5.0, 42.35, 32.0]",[329],{'df'}
0,1,2400.0399999999995,30,97,"[-5.0, 42.35, 29.0]",[297],{'df'}
0,2,2119.22,1,205,"[25.8, -5.0, 32.0]",[339],"{'df', 'mf', 'dw2', 'df2'}"
0,2,2125.22,2,196,"[25.8, -5.0, 35.0]",[371],"{'df', 'df2'}"
0,2,2132.3999999999996,3,195,"[19.26, -5.0, 35.0]",[370],"{'df', 'dh2', 'mh', 'df2'}"
0,2,2141.8399999999997,4,197,"[32.57, -5.0, 35.0]",[372],"{'df', 'dh2', 'mh', 'df2'}"
0,2,2153.8999999999996,5,218,"[52.89, -5.0, 29.0]",[311],"{'df', 'mh', 'dw2', 'df2', 'dh2', 'mf'}"
0,2,2159.8999999999996,6,209,"[52.89, -5.0, 32.0]",[343],"{'df', 'df2'}"
0,2,2167.1399999999994,7,208,"[46.16, -5.0, 32.0]",[342],"{'df', 'df2'}"
0,2,2177.2599999999993,8,210,"[61.52, -5.0, 32.0]",[344],"{'df', 'df2'}"
0,2,2194.3299999999995,9,223,"[25.8, -5.0, 26.0]",[275],"{'df', 'dh2', 'mh'}"
0,2,2212.8299999999995,10,175,"[-1.47, 13.54, 14.0]",[142],"{'dh2', 'mh1'}"
0,2,2240.0599999999995,11,299,"[52.89, -5.0, 2.0]",[23],"{'df', 'dh2', 'mh'}"
0,2,2256.0399999999995,12,207,"[39.29, -5.0, 32.0]",[341],"{'df', 'dh2', 'mh'}"
0,2,2263.0399999999995,13,225,"[39.29, -5.0, 26.0]",[277],"{'df', 'dh2', 'mh'}"
0,2,2274.4399999999996,14,278,"[32.57, -5.0, 8.0]",[84],"{'df', 'dh2', 'mh'}"
0,2,2281.7,15,277,"[25.8, -5.0, 8.0]",[83],"{'df', 'dh2', 'mh'}"
0,2,2287.7,16,268,"[25.8, -5.0, 11.0]",[115],"{'df', 'dh2', 'mh'}"
0,2,2298.0099999999998,17,293,"[12.64, -5.0, 2.0]",[17],"{'df', 'dh2', 'mh'}"
0,2,2320.79,18,103,"[-5.0, 35.0, 26.0]",[266],"{'df', 'dh2', 'mh'}"
0,2,2332.4,19,100,"[-5.0, 54.84, 26.0]",[263],"{'df', 'dh2', 'mh'}"
0,2,2375.89,20,228,"[61.52, -5.0, 26.0]",[280],"{'df', 'mf', 'dw2', 'df2'}"
0,2,2395.0099999999998,21,213,"[19.26, -5.0, 29.0]",[306],"{'df', 'mf', 'dw2', 'df2'}"
0,2,2406.6899999999996,22,216,"[39.29, -5.0, 29.0]",[309],{'df'}
0,0,2409.27,1,1,"[37.81, 34.58, 35.0]",[352],"{'df', 'dh2', 'mh'}"
0,0,2428.19,2,380,"[66.6, 30.56, 5.0]",[60],"{'df', 'mf', 'dw2', 'df2'}"
0,0,2438.03,3,336,"[73.38, 18.12, 2.0]",[27],"{'df', 'mf', 'dw2', 'df2'}"
0,0,2445.03,4,330,"[73.38, 18.12, 8.0]",[91],"{'df', 'dh2', 'mh', 'df2'}"
0,0,2452.57,5,332,"[73.38, 11.11, 5.0]",[58],"{'df', 'dh2', 'mh', 'df2'}"
0,0,2458.57,6,335,"[73.38, 11.11, 2.0]",[26],"{'df', 'df2'}"
0,0,2470.8,7,376,"[66.6, 30.56, 8.0]",[92],"{'df', 'df2'}"
0,0,2478.1800000000003,8,375,"[59.46, 30.56, 8.0]",[93],"{'df', 'df2'}"
0,0,2495.4700000000003,9,310,"[73.38, 5.54, 26.0]",[281],"{'df', 'df2'}"
0,0,2501.4700000000003,10,307,"[73.38, 5.54, 29.0]",[313],"{'df', 'df2'}"
0,0,2529.4900000000002,11,44,"[37.81, 56.22, 5.0]",[35],"{'df', 'dh2', 'mh'}"
0,0,2545.8700000000003,12,349,"[45.97, 30.56, 26.0]",[287],{'df'}
0,0,2551.8700000000003,13,345,"[45.97, 30.56, 29.0]",[319],{'df'}
0,0,2572.9100000000003,14,51,"[18.02, 63.37, 35.0]",[356],"{'df', 'dh2', 'mh'}"
0,0,2593.8500000000004,15,341,"[45.97, 30.56, 32.0]",[351],{'df'}
0,0,2599.8500000000004,16,337,"[45.97, 30.56, 35.0]",[383],{'df'}
0,0,2607.8800000000006,17,346,"[52.79, 30.56, 29.0]",[318],{'df'}
0,0,2613.8800000000006,18,350,"[52.79, 30.56, 26.0]",[286],{'df'}
0,0,2640.2700000000004,19,58,"[4.58, 63.37, 26.0]",[262],"{'df', 'dh2', 'mh'}"
0,0,2668.01,20,351,"[59.46, 30.56, 26.0]",[285],{'df'}
0,0,2674.01,21,347,"[59.46, 30.56, 29.0]",[317],{'df'}
0,0,2680.01,22,343,"[59.46, 30.56, 32.0]",[349],{'df'}
0,0,2686.01,23,339,"[59.46, 30.56, 35.0]",[381],{'df'}
0,0,2693.3900000000003,24,340,"[66.6, 30.56, 35.0]",[380],{'df'}
0,0,2699.3900000000003,25,344,"[66.6, 30.56, 32.0]",[348],{'df'}
0,0,2705.3900000000003,26,348,"[66.6, 30.56, 29.0]",[316],{'df'}
0,1,2419.97,1,190,"[-1.47, 18.62, 2.0]",[13],"{'df', 'dh2', 'mh'}"
0,1,2428.93,2,134,"[-5.0, 28.24, 8.0]",[75],"{'df', 'dh2', 'mh'}"
0,1,2443.06,3,101,"[-5.0, 48.88, 26.0]",[264],"{'df', 'dh2', 'mh'}"
0,1,2471.39,4,276,"[19.26, -5.0, 8.0]",[82],"{'df', 'dh2', 'mh'}"
0,1,2484.39,5,204,"[19.26, -5.0, 32.0]",[338],"{'df', 'df2'}"
0,1,2496.39,6,267,"[19.26, -5.0, 11.0]",[114],"{'df', 'dh2', 'mh'}"
0,1,2505.83,7,269,"[32.57, -5.0, 11.0]",[116],"{'df', 'dh2', 'mh'}"
0,1,2517.58,8,226,"[46.16, -5.0, 26.0]",[278],"{'df', 'df2'}"
0,1,2554.14,9,86,"[-5.0, 48.88, 35.0]",[360],{'df'}
0,1,2561.3199999999997,10,87,"[-5.0, 42.35, 35.0]",[361],{'df'}
0,1,2567.3199999999997,11,92,"[-5.0, 42.35, 32.0]",[329],{'df'}
0,1,2573.3199999999997,12,97,"[-5.0, 42.35, 29.0]",[297],{'df'}
0,1,2579.3199999999997,13,102,"[-5.0, 42.35, 26.0]",[265],{'df'}
0,1,2586.97,14,98,"[-5.0, 35.0, 29.0]",[298],{'df'}
0,1,2592.97,15,93,"[-5.0, 35.0, 32.0]",[330],{'df'}
0,1,2598.97,16,88,"[-5.0, 35.0, 35.0]",[362],{'df'}
0,1,2606.22,17,89,"[-5.0, 28.24, 35.0]",[363],{'df'}
0,1,2612.22,18,94,"[-5.0, 28.24, 32.0]",[331],{'df'}
0,1,2618.22,19,99,"[-5.0, 28.24, 29.0]",[299],{'df'}
0,1,2624.22,20,104,"[-5.0, 28.24, 26.0]",[267],{'df'}
0,1,2631.4399999999996,21,157,"[-1.47, 22.6, 26.0]",[268],{'df'}
0,1,2637.4399999999996,22,153,"[-1.47, 22.6, 29.0]",[300],{'df'}
0,1,2643.4399999999996,23,149,"[-1.47, 22.6, 32.0]",[332],{'df'}
0,1,2649.4399999999996,24,145,"[-1.47, 22.6, 35.0]",[364],{'df'}
0,1,2655.7699999999995,25,146,"[-1.47, 18.62, 35.0]",[365],{'df'}
0,1,2661.7699999999995,26,150,"[-1.47, 18.62, 32.0]",[333],{'df'}
0,1,2667.7699999999995,27,154,"[-1.47, 18.62, 29.0]",[301],{'df'}
0,1,2673.7699999999995,28,158,"[-1.47, 18.62, 26.0]",[269],{'df'}
0,1,2680.4599999999996,29,159,"[-1.47, 13.54, 26.0]",[270],{'df'}
0,1,2686.4599999999996,30,155,"[-1.47, 13.54, 29.0]",[302],{'df'}
0,1,2692.4599999999996,31,151,"[-1.47, 13.54, 32.0]",[334],{'df'}
0,1,2698.4599999999996,32,147,"[-1.47, 13.54, 35.0]",[366],{'df'}
0,1,2705.7299999999996,33,148,"[-1.47, 6.72, 35.0]",[367],{'df'}
0,2,2403.0,1,213,"[19.26, -5.0, 29.0]",[306],"{'df', 'mf', 'dw2', 'df2'}"
0,2,2410.21,2,212,"[12.64, -5.0, 29.0]",[305],"{'df', 'df2'}"
0,2,2416.21,3,203,"[12.64, -5.0, 32.0]",[337],"{'df', 'df2'}"
0,2,2444.44,4,302,"[73.38, 11.11, 35.0]",[378],"{'df', 'dh2', 'mh'}"
0,2,2452.52,5,309,"[73.38, 18.12, 29.0]",[315],"{'df', 'dh2', 'mh'}"
0,2,2472.42,6,2,"[37.81, 41.44, 35.0]",[353],"{'df', 'dh2', 'mh'}"
0,2,2508.4500000000003,7,216,"[39.29, -5.0, 29.0]",[309],{'df'}
0,2,2515.4500000000003,8,198,"[39.29, -5.0, 35.0]",[373],{'df'}
0,2,2523.4500000000003,9,215,"[32.57, -5.0, 29.0]",[308],"{'df', 'df2'}"
0,2,2530.7100000000005,10,214,"[25.8, -5.0, 29.0]",[307],"{'df', 'mf', 'dw2', 'df2'}"
0,2,2538.1100000000006,11,222,"[19.26, -5.0, 26.0]",[274],{'df'}
0,2,2547.5500000000006,12,224,"[32.57, -5.0, 26.0]",[276],{'df'}
0,2,2554.5500000000006,13,206,"[32.57, -5.0, 32.0]",[340],"{'df', 'dh2', 'mh', 'df2'}"
0,2,2566.2700000000004,14,194,"[12.64, -5.0, 35.0]",[369],{'df'}
0,2,2574.2700000000004,15,221,"[12.64, -5.0, 26.0]",[273],{'df'}
0,2,2581.4300000000003,16,220,"[6.16, -5.0, 26.0]",[272],{'df'}
0,2,2587.4300000000003,17,211,"[6.16, -5.0, 29.0]",[304],{'df'}
0,2,2593.4300000000003,18,202,"[6.16, -5.0, 32.0]",[336],{'df'}
0,2,2611.8,19,217,"[46.16, -5.0, 29.0]",[310],"{'df', 'df2'}"
0,2,2630.28,20,193,"[6.16, -5.0, 35.0]",[368],{'df'}
0,2,2653.73,21,201,"[61.52, -5.0, 35.0]",[376],{'df'}
0,2,2680.21,22,292,"[6.16, -5.0, 2.0]",[16],{'df'}
0,2,2686.21,23,283,"[6.16, -5.0, 5.0]",[48],{'df'}
0,2,2692.21,24,274,"[6.16, -5.0, 8.0]",[80],{'df'}
0,2,2698.21,25,265,"[6.16, -5.0, 11.0]",[112],{'df'}
0,2,2705.37,26,266,"[12.64, -5.0, 11.0]",[113],{'df'}
0,0,2732.05,1,296,"[32.57, -5.0, 2.0]",[20],"{'df', 'dh2', 'mh'}"
0,0,2762.2000000000003,2,379,"[59.46, 30.56, 5.0]",[61],"{'df', 'df2'}"
0,0,2784.84,3,219,"[61.52, -5.0, 29.0]",[312],"{'df', 'df2'}"
0,0,2807.96,4,383,"[59.46, 30.56, 2.0]",[29],"{'df', 'mf', 'dw2', 'df2'}"
0,0,2815.18,5,382,"[52.79, 30.56, 2.0]",[30],"{'df', 'df2'}"
0,0,2821.18,6,378,"[52.79, 30.56, 5.0]",[62],"{'df', 'df2'}"
0,0,2830.89,7,384,"[66.6, 30.56, 2.0]",[28],"{'df', 'mf', 'df2'}"
0,0,2840.73,8,333,"[73.38, 18.12, 5.0]",[59],"{'df', 'df2'}"
0,0,2859.77,9,227,"[52.89, -5.0, 26.0]",[279],"{'df', 'mf', 'df2'}"
0,0,2876.35,10,329,"[73.38, 11.11, 8.0]",[90],"{'df', 'dh2', 'mh'}"
0,0,2882.35,11,326,"[73.38, 11.11, 11.0]",[122],"{'df', 'dh2', 'mh'}"
0,0,2898.69,12,343,"[59.46, 30.56, 32.0]",[349],{'df'}
0,0,2904.69,13,339,"[59.46, 30.56, 35.0]",[381],{'df'}
0,0,2912.07,14,340,"[66.6, 30.56, 35.0]",[380],{'df'}
0,0,2918.07,15,344,"[66.6, 30.56, 32.0]",[348],{'df'}
0,0,2924.07,16,348,"[66.6, 30.56, 29.0]",[316],{'df'}
0,0,2930.07,17,352,"[66.6, 30.56, 26.0]",[284],{'df'}
0,0,2939.81,18,312,"[73.38, 18.12, 26.0]",[283],{'df'}
0,0,2946.81,19,306,"[73.38, 18.12, 32.0]",[347],{'df'}
0,0,2952.81,20,303,"[73.38, 18.12, 35.0]",[379],{'df'}
0,0,2960.35,21,305,"[73.38, 11.11, 32.0]",[346],{'df'}
0,0,2966.35,22,308,"[73.38, 11.11, 29.0]",[314],{'df'}
0,0,2972.35,23,311,"[73.38, 11.11, 26.0]",[282],{'df'}
0,0,2980.08,24,304,"[73.38, 5.54, 32.0]",[345],{'df'}
0,0,2986.08,25,301,"[73.38, 5.54, 35.0]",[377],{'df'}
0,0,2999.08,26,325,"[73.38, 5.54, 11.0]",[121],{'df'}
0,0,3005.08,27,328,"[73.38, 5.54, 8.0]",[89],{'df'}
0,1,2711.0,1,183,"[-1.47, 13.54, 8.0]",[78],"{'df', 'dh2', 'mh'}"
0,1,2745.88,2,331,"[73.38, 5.54, 5.0]",[57],"{'df', 'dh2', 'mh'}"
0,1,2768.9100000000003,3,41,"[37.81, 34.58, 5.0]",[32],"{'df', 'dh2', 'mh'}"
0,1,2810.0000000000005,4,159,"[-1.47, 13.54, 26.0]",[270],{'df'}
0,1,2816.0000000000005,5,155,"[-1.47, 13.54, 29.0]",[302],{'df'}
0,1,2822.0000000000005,6,151,"[-1.47, 13.54, 32.0]",[334],{'df'}
0,1,2828.0000000000005,7,147,"[-1.47, 13.54, 35.0]",[366],{'df'}
0,1,2835.2700000000004,8,148,"[-1.47, 6.72, 35.0]",[367],{'df'}
0,1,2841.2700000000004,9,152,"[-1.47, 6.72, 32.0]",[335],{'df'}
0,1,2847.2700000000004,10,156,"[-1.47, 6.72, 29.0]",[303],{'df'}
0,1,2853.2700000000004,11,160,"[-1.47, 6.72, 26.0]",[271],{'df'}
0,1,2889.3800000000006,12,4,"[37.81, 56.22, 35.0]",[355],"{'df', 'dh2', 'mh'}"
0,1,2933.7500000000005,13,204,"[19.26, -5.0, 32.0]",[338],"{'df', 'df2'}"
0,1,2947.9400000000005,14,226,"[46.16, -5.0, 26.0]",[278],"{'df', 'df2'}"
0,1,2973.4700000000007,15,183,"[-1.47, 13.54, 8.0]",[78],"{'df', 'dh2', 'mh'}"
0,1,3008.350000000001,16,331,"[73.38, 5.54, 5.0]",[57],"{'df', 'dh2', 'mh'}"
0,2,2716.95,1,205,"[25.8, -5.0, 32.0]",[339],"{'df', 'mf', 'dw2', 'df2'}"
0,2,2729.3799999999997,2,257,"[12.64, -5.0, 14.0]",[145],"{'dh2', 'mh1'}"
0,2,2748.7,3,218,"[52.89, -5.0, 29.0]",[311],"{'df', 'mh', 'dw2', 'df2', 'dh2', 'mf'}"
0,2,2765.0899999999997,4,195,"[19.26, -5.0, 35.0]",[370],"{'df', 'dh2', 'mh', 'df2'}"
0,2,2774.5299999999997,5,197,"[32.57, -5.0, 35.0]",[372],"{'df', 'dh2', 'mh', 'df2'}"
0,2,2781.79,6,196,"[25.8, -5.0, 35.0]",[371],"{'df', 'df2'}"
0,2,2795.88,7,209,"[52.89, -5.0, 32.0]",[343],"{'df', 'df2'}"
0,2,2803.12,8,208,"[46.16, -5.0, 32.0]",[342],"{'df', 'df2'}"
0,2,2813.24,9,210,"[61.52, -5.0, 32.0]",[344],"{'df', 'df2'}"
0,2,2830.31,10,223,"[25.8, -5.0, 26.0]",[275],"{'df', 'dh2', 'mh'}"
0,2,2845.65,11,292,"[6.16, -5.0, 2.0]",[16],{'df'}
0,2,2851.65,12,283,"[6.16, -5.0, 5.0]",[48],{'df'}
0,2,2857.65,13,274,"[6.16, -5.0, 8.0]",[80],{'df'}
0,2,2863.65,14,265,"[6.16, -5.0, 11.0]",[112],{'df'}
0,2,2870.81,15,266,"[12.64, -5.0, 11.0]",[113],{'df'}
0,2,2876.81,16,275,"[12.64, -5.0, 8.0]",[81],{'df'}
0,2,2895.37,17,299,"[52.89, -5.0, 2.0]",[23],"{'df', 'dh2', 'mh'}"
0,2,2913.8199999999997,18,284,"[12.64, -5.0, 5.0]",[49],{'df'}
0,2,2921.24,19,294,"[19.26, -5.0, 2.0]",[18],{'df'}
0,2,2927.24,20,285,"[19.26, -5.0, 5.0]",[50],{'df'}
0,2,2934.4199999999996,21,286,"[25.8, -5.0, 5.0]",[51],{'df'}
0,2,2949.4799999999996,22,207,"[39.29, -5.0, 32.0]",[341],"{'df', 'dh2', 'mh'}"
0,2,2965.4399999999996,23,295,"[25.8, -5.0, 2.0]",[19],{'df'}
0,2,2972.9099999999994,24,287,"[32.57, -5.0, 5.0]",[52],{'df'}
0,2,2985.2599999999993,25,225,"[39.29, -5.0, 26.0]",[277],"{'df', 'dh2', 'mh'}"
0,2,2995.2599999999993,26,270,"[39.29, -5.0, 11.0]",[117],{'df'}
0,2,3001.2599999999993,27,279,"[39.29, -5.0, 8.0]",[85],{'df'}
0,0,3017.86,1,342,"[52.79, 30.56, 32.0]",[350],"{'df', 'dh2', 'mh'}"
0,0,3035.4300000000003,2,323,"[73.38, 11.11, 14.0]",[154],"{'dh2', 'mh1'}"
0,0,3053.51,3,338,"[52.79, 30.56, 35.0]",[382],"{'df', 'dh2', 'mh'}"
0,0,3069.5200000000004,4,380,"[66.6, 30.56, 5.0]",[60],"{'df', 'mf', 'dw2', 'df2'}"
0,0,3087.0800000000004,5,304,"[73.38, 5.54, 32.0]",[345],{'df'}
0,0,3093.0800000000004,6,301,"[73.38, 5.54, 35.0]",[377],{'df'}
0,0,3116.1100000000006,7,1,"[37.81, 34.58, 35.0]",[352],"{'df', 'dh2', 'mh'}"
0,0,3138.9200000000005,8,336,"[73.38, 18.12, 2.0]",[27],"{'df', 'mf', 'dw2', 'df2'}"
0,0,3149.0800000000004,9,325,"[73.38, 5.54, 11.0]",[121],{'df'}
0,0,3155.0800000000004,10,328,"[73.38, 5.54, 8.0]",[89],{'df'}
0,0,3162.0800000000004,11,334,"[73.38, 5.54, 2.0]",[25],{'df'}
0,0,3172.2400000000002,12,327,"[73.38, 18.12, 11.0]",[123],{'df'}
0,0,3178.2400000000002,13,330,"[73.38, 18.12, 8.0]",[91],"{'df', 'dh2', 'mh', 'df2'}"
0,0,3185.78,14,332,"[73.38, 11.11, 5.0]",[58],"{'df', 'dh2', 'mh', 'df2'}"
0,0,3191.78,15,335,"[73.38, 11.11, 2.0]",[26],"{'df', 'df2'}"
0,0,3204.01,16,376,"[66.6, 30.56, 8.0]",[92],"{'df', 'df2'}"
0,0,3211.3900000000003,17,375,"[59.46, 30.56, 8.0]",[93],"{'df', 'df2'}"
0,0,3218.9700000000003,18,372,"[66.6, 30.56, 11.0]",[124],{'df'}
0,0,3226.3500000000004,19,371,"[59.46, 30.56, 11.0]",[125],{'df'}
0,0,3243.1900000000005,20,310,"[73.38, 5.54, 26.0]",[281],"{'df', 'df2'}"
0,0,3249.1900000000005,21,307,"[73.38, 5.54, 29.0]",[313],"{'df', 'df2'}"
0,0,3277.2100000000005,22,44,"[37.81, 56.22, 5.0]",[35],"{'df', 'dh2', 'mh'}"
0,0,3294.5100000000007,23,51,"[18.02, 63.37, 35.0]",[356],"{'df', 'dh2', 'mh'}"
0,0,3297.5100000000007,24,51,"[18.02, 63.37, 35.0]",[356],"{'df', 'dh2', 'mh'}"
0,0,3300.5100000000007,25,51,"[18.02, 63.37, 35.0]",[356],"{'df', 'dh2', 'mh'}"
0,1,3017.54,1,226,"[46.16, -5.0, 26.0]",[278],"{'df', 'mf', 'dw2', 'df2'}"
0,1,3045.27,2,190,"[-1.47, 18.62, 2.0]",[13],"{'df', 'dh2', 'mh'}"
0,1,3054.23,3,134,"[-5.0, 28.24, 8.0]",[75],"{'df', 'dh2', 'mh'}"
0,1,3068.36,4,101,"[-5.0, 48.88, 26.0]",[264],"{'df', 'dh2', 'mh'}"
0,1,3096.69,5,276,"[19.26, -5.0, 8.0]",[82],"{'df', 'dh2', 'mh'}"
0,1,3102.69,6,267,"[19.26, -5.0, 11.0]",[114],"{'df', 'dh2', 'mh'}"
0,1,3112.13,7,269,"[32.57, -5.0, 11.0]",[116],"{'df', 'dh2', 'mh'}"
0,1,3132.1600000000003,8,331,"[73.38, 5.54, 5.0]",[57],"{'df', 'dh2', 'mh'}"
0,1,3155.1900000000005,9,41,"[37.81, 34.58, 5.0]",[32],"{'df', 'dh2', 'mh'}"
0,1,3197.8800000000006,10,192,"[-1.47, 6.72, 2.0]",[15],{'df'}
0,1,3203.8800000000006,11,188,"[-1.47, 6.72, 5.0]",[47],{'df'}
0,1,3209.8800000000006,12,184,"[-1.47, 6.72, 8.0]",[79],{'df'}
0,1,3215.8800000000006,13,180,"[-1.47, 6.72, 11.0]",[111],{'df'}
0,1,3223.1500000000005,14,179,"[-1.47, 13.54, 11.0]",[110],{'df'}
0,1,3230.1500000000005,15,187,"[-1.47, 13.54, 5.0]",[46],{'df'}
0,1,3236.1500000000005,16,191,"[-1.47, 13.54, 2.0]",[14],{'df'}
0,1,3243.1200000000003,17,186,"[-1.47, 18.62, 5.0]",[45],{'df'}
0,1,3249.1200000000003,18,182,"[-1.47, 18.62, 8.0]",[77],{'df'}
0,1,3255.1200000000003,19,178,"[-1.47, 18.62, 11.0]",[109],{'df'}
0,1,3261.4500000000003,20,177,"[-1.47, 22.6, 11.0]",[108],{'df'}
0,1,3267.4500000000003,21,181,"[-1.47, 22.6, 8.0]",[76],{'df'}
0,1,3273.4500000000003,22,185,"[-1.47, 22.6, 5.0]",[44],{'df'}
0,1,3306.01,23,4,"[37.81, 56.22, 35.0]",[355],"{'df', 'dh2', 'mh'}"
0,2,3003.0,1,225,"[39.29, -5.0, 26.0]",[277],"{'df', 'dh2', 'mh', 'df2'}"
0,2,3009.0,2,216,"[39.29, -5.0, 29.0]",[309],"{'df', 'df2'}"
0,2,3021.35,3,278,"[32.57, -5.0, 8.0]",[84],"{'df', 'dh2', 'mh'}"
0,2,3028.61,4,277,"[25.8, -5.0, 8.0]",[83],"{'df', 'dh2', 'mh'}"
0,2,3034.61,5,268,"[25.8, -5.0, 11.0]",[115],"{'df', 'dh2', 'mh'}"
0,2,3044.92,6,293,"[12.64, -5.0, 2.0]",[17],"{'df', 'dh2', 'mh'}"
0,2,3059.4500000000003,7,175,"[-1.47, 13.54, 14.0]",[142],"{'dh2', 'mh1'}"
0,2,3072.7300000000005,8,103,"[-5.0, 35.0, 26.0]",[266],"{'df', 'dh2', 'mh'}"
0,2,3084.3400000000006,9,100,"[-5.0, 54.84, 26.0]",[263],"{'df', 'dh2', 'mh'}"
0,2,3127.8300000000004,10,228,"[61.52, -5.0, 26.0]",[280],"{'df', 'mf', 'dw2', 'df2'}"
0,2,3146.9500000000003,11,213,"[19.26, -5.0, 29.0]",[306],"{'df', 'mf', 'dw2', 'df2'}"
0,2,3154.1600000000003,12,212,"[12.64, -5.0, 29.0]",[305],"{'df', 'df2'}"
0,2,3160.1600000000003,13,203,"[12.64, -5.0, 32.0]",[337],"{'df', 'df2'}"
0,2,3188.3900000000003,14,302,"[73.38, 11.11, 35.0]",[378],"{'df', 'dh2', 'mh'}"
0,2,3196.4700000000003,15,309,"[73.38, 18.12, 29.0]",[315],"{'df', 'dh2', 'mh'}"
0,2,3216.3700000000003,16,2,"[37.81, 41.44, 35.0]",[353],"{'df', 'dh2', 'mh'}"
0,2,3254.6200000000003,17,215,"[32.57, -5.0, 29.0]",[308],"{'df', 'df2'}"
0,2,3261.8800000000006,18,214,"[25.8, -5.0, 29.0]",[307],"{'df', 'mf', 'dw2', 'df2'}"
0,2,3269.3500000000004,19,206,"[32.57, -5.0, 32.0]",[340],"{'df', 'dh2', 'mh', 'df2'}"
0,2,3278.9900000000002,20,217,"[46.16, -5.0, 29.0]",[310],"{'df', 'df2'}"
0,2,3290.4100000000003,21,270,"[39.29, -5.0, 11.0]",[117],{'df'}
0,2,3296.4100000000003,22,279,"[39.29, -5.0, 8.0]",[85],{'df'}
0,2,3302.4100000000003,23,288,"[39.29, -5.0, 5.0]",[53],{'df'}
0,0,3303.0,1,51,"[18.02, 63.37, 35.0]",[356],"{'df', 'dh2', 'mh'}"
0,0,3313.39,2,58,"[4.58, 63.37, 26.0]",[262],"{'df', 'dh2', 'mh'}"
0,0,3351.98,3,296,"[32.57, -5.0, 2.0]",[20],"{'df', 'dh2', 'mh'}"
0,0,3382.13,4,379,"[59.46, 30.56, 5.0]",[61],"{'df', 'df2'}"
0,0,3404.77,5,219,"[61.52, -5.0, 29.0]",[312],"{'df', 'df2'}"
0,0,3427.89,6,383,"[59.46, 30.56, 2.0]",[29],"{'df', 'mf', 'dw2', 'df2'}"
0,0,3435.27,7,384,"[66.6, 30.56, 2.0]",[28],"{'df', 'mf', 'df2'}"
0,0,3444.87,8,382,"[52.79, 30.56, 2.0]",[30],"{'df', 'df2'}"
0,0,3458.7599999999998,9,333,"[73.38, 18.12, 5.0]",[59],"{'df', 'df2'}"
0,0,3472.6,10,378,"[52.79, 30.56, 5.0]",[62],"{'df', 'df2'}"
0,0,3499.33,11,227,"[52.89, -5.0, 26.0]",[279],"{'df', 'mf', 'df2'}"
0,0,3515.91,12,329,"[73.38, 11.11, 8.0]",[90],"{'df', 'dh2', 'mh'}"
0,0,3521.91,13,326,"[73.38, 11.11, 11.0]",[122],"{'df', 'dh2', 'mh'}"
0,0,3538.0,14,374,"[52.79, 30.56, 8.0]",[94],{'df'}
0,0,3544.0,15,370,"[52.79, 30.56, 11.0]",[126],{'df'}
0,0,3570.17,16,227,"[52.89, -5.0, 26.0]",[279],"{'df', 'mf', 'df2'}"
0,0,3598.52,17,369,"[45.97, 30.56, 11.0]",[127],{'df'}
0,0,3604.52,18,373,"[45.97, 30.56, 8.0]",[95],{'df'}
0,1,3303.0,1,4,"[37.81, 56.22, 35.0]",[355],"{'df', 'dh2', 'mh'}"
0,1,3347.37,2,204,"[19.26, -5.0, 32.0]",[338],"{'df', 'df2'}"
0,1,3365.7799999999997,3,183,"[-1.47, 13.54, 8.0]",[78],"{'df', 'dh2', 'mh'}"
0,1,3391.31,4,226,"[46.16, -5.0, 26.0]",[278],"{'df', 'mf', 'dw2', 'df2'}"
0,1,3419.04,5,190,"[-1.47, 18.62, 2.0]",[13],"{'df', 'dh2', 'mh'}"
0,1,3428.0,6,134,"[-5.0, 28.24, 8.0]",[75],"{'df', 'dh2', 'mh'}"
0,1,3442.13,7,101,"[-5.0, 48.88, 26.0]",[264],"{'df', 'dh2', 'mh'}"
0,1,3470.46,8,276,"[19.26, -5.0, 8.0]",[82],"{'df', 'dh2', 'mh'}"
0,1,3476.46,9,267,"[19.26, -5.0, 11.0]",[114],"{'df', 'dh2', 'mh'}"
0,1,3485.9,10,269,"[32.57, -5.0, 11.0]",[116],"{'df', 'dh2', 'mh'}"
0,1,3509.23,11,189,"[-1.47, 22.6, 2.0]",[12],{'df'}
0,1,3516.45,12,144,"[-5.0, 28.24, 2.0]",[11],{'df'}
0,1,3522.45,13,139,"[-5.0, 28.24, 5.0]",[43],{'df'}
0,1,3529.45,14,129,"[-5.0, 28.24, 11.0]",[107],{'df'}
0,1,3536.7,15,128,"[-5.0, 35.0, 11.0]",[106],{'df'}
0,1,3578.85,16,331,"[73.38, 5.54, 5.0]",[57],"{'df', 'dh2', 'mh'}"
0,1,3620.96,17,133,"[-5.0, 35.0, 8.0]",[74],{'df'}
0,2,3311.4,1,215,"[32.57, -5.0, 29.0]",[308],"{'df', 'mf', 'dw2', 'df2'}"
0,2,3318.85,2,207,"[39.29, -5.0, 32.0]",[341],"{'df', 'dh2', 'mh', 'df2'}"
0,2,3328.35,3,205,"[25.8, -5.0, 32.0]",[339],"{'df', 'mf', 'dw2', 'df2'}"
0,2,3342.44,4,218,"[52.89, -5.0, 29.0]",[311],"{'df', 'mh', 'dw2', 'df2', 'dh2', 'mf'}"
0,2,3358.83,5,195,"[19.26, -5.0, 35.0]",[370],"{'df', 'dh2', 'mh', 'df2'}"
0,2,3368.27,6,197,"[32.57, -5.0, 35.0]",[372],"{'df', 'dh2', 'mh', 'df2'}"
0,2,3375.53,7,196,"[25.8, -5.0, 35.0]",[371],"{'df', 'df2'}"
0,2,3389.6200000000003,8,209,"[52.89, -5.0, 32.0]",[343],"{'df', 'df2'}"
0,2,3402.9600000000005,9,270,"[39.29, -5.0, 11.0]",[117],{'df'}
0,2,3408.9600000000005,10,279,"[39.29, -5.0, 8.0]",[85],{'df'}
0,2,3414.9600000000005,11,288,"[39.29, -5.0, 5.0]",[53],{'df'}
0,2,3429.2500000000005,12,208,"[46.16, -5.0, 32.0]",[342],"{'df', 'df2'}"
0,2,3444.5100000000007,13,297,"[39.29, -5.0, 2.0]",[21],{'df'}
0,2,3451.8000000000006,14,298,"[46.16, -5.0, 2.0]",[22],{'df'}
0,2,3457.8000000000006,15,289,"[46.16, -5.0, 5.0]",[54],{'df'}
0,2,3463.8000000000006,16,280,"[46.16, -5.0, 8.0]",[86],{'df'}
0,2,3480.1500000000005,17,257,"[12.64, -5.0, 14.0]",[145],"{'dh2', 'mh1'}"
0,2,3496.3700000000003,18,271,"[46.16, -5.0, 11.0]",[118],{'df'}
0,2,3510.0400000000004,19,210,"[61.52, -5.0, 32.0]",[344],"{'df', 'df2'}"
0,2,3522.6100000000006,20,272,"[52.89, -5.0, 11.0]",[119],{'df'}
0,2,3537.9300000000007,21,223,"[25.8, -5.0, 26.0]",[275],"{'df', 'dh2', 'mh'}"
0,2,3553.770000000001,22,281,"[52.89, -5.0, 8.0]",[87],{'df'}
0,2,3559.770000000001,23,290,"[52.89, -5.0, 5.0]",[55],{'df'}
0,2,3565.770000000001,24,299,"[52.89, -5.0, 2.0]",[23],"{'df', 'dh2', 'mh'}"
0,2,3579.9700000000007,25,225,"[39.29, -5.0, 26.0]",[277],"{'df', 'dh2', 'mh', 'df2'}"
0,2,3591.370000000001,26,278,"[32.57, -5.0, 8.0]",[84],"{'df', 'dh2', 'mh'}"
0,2,3598.630000000001,27,277,"[25.8, -5.0, 8.0]",[83],"{'df', 'dh2', 'mh'}"
0,2,3604.630000000001,28,268,"[25.8, -5.0, 11.0]",[115],"{'df', 'dh2', 'mh'}"
0,0,3608.76,1,382,"[52.79, 30.56, 2.0]",[30],"{'df', 'mf', 'dw2', 'df2'}"
0,0,3616.03,2,381,"[45.97, 30.56, 2.0]",[31],"{'df', 'df2'}"
0,0,3622.03,3,377,"[45.97, 30.56, 5.0]",[63],"{'df', 'df2'}"
0,0,3638.1000000000004,4,333,"[73.38, 18.12, 5.0]",[59],"{'df', 'mf', 'dw2', 'df2'}"
0,0,3645.6400000000003,5,329,"[73.38, 11.11, 8.0]",[90],"{'df', 'dh2', 'mh', 'df2'}"
0,0,3664.28,6,342,"[52.79, 30.56, 32.0]",[350],"{'df', 'dh2', 'mh'}"
0,0,3679.3900000000003,7,380,"[66.6, 30.56, 5.0]",[60],"{'df', 'mf', 'dw2', 'df2'}"
0,0,3695.4000000000005,8,338,"[52.79, 30.56, 35.0]",[382],"{'df', 'dh2', 'mh'}"
0,0,3714.5100000000007,9,336,"[73.38, 18.12, 2.0]",[27],"{'df', 'mf', 'dw2', 'df2'}"
0,0,3737.3200000000006,10,1,"[37.81, 34.58, 35.0]",[352],"{'df', 'dh2', 'mh'}"
0,0,3759.9800000000005,11,323,"[73.38, 11.11, 14.0]",[154],"{'dh2', 'mh1'}"
0,0,3768.0600000000004,12,330,"[73.38, 18.12, 8.0]",[91],"{'df', 'dh2', 'mh', 'df2'}"
0,0,3775.6000000000004,13,332,"[73.38, 11.11, 5.0]",[58],"{'df', 'dh2', 'mh', 'df2'}"
0,0,3781.6000000000004,14,335,"[73.38, 11.11, 2.0]",[26],"{'df', 'df2'}"
0,0,3793.8300000000004,15,376,"[66.6, 30.56, 8.0]",[92],"{'df', 'df2'}"
0,0,3801.2100000000005,16,375,"[59.46, 30.56, 8.0]",[93],"{'df', 'df2'}"
0,0,3818.5000000000005,17,310,"[73.38, 5.54, 26.0]",[281],"{'df', 'df2'}"
0,0,3824.5000000000005,18,307,"[73.38, 5.54, 29.0]",[313],"{'df', 'df2'}"
0,0,3852.5200000000004,19,44,"[37.81, 56.22, 5.0]",[35],"{'df', 'dh2', 'mh'}"
0,0,3866.7200000000003,20,369,"[45.97, 30.56, 11.0]",[127],{'df'}
0,0,3872.7200000000003,21,373,"[45.97, 30.56, 8.0]",[95],{'df'}
0,0,3881.3500000000004,22,45,"[37.81, 34.58, 2.0]",[0],{'df'}
0,0,3904.05,23,51,"[18.02, 63.37, 35.0]",[356],"{'df', 'dh2', 'mh'}"
0,1,3633.37,1,41,"[37.81, 34.58, 5.0]",[32],"{'df', 'dh2', 'mh'}"
0,1,3666.74,2,133,"[-5.0, 35.0, 8.0]",[74],{'df'}
0,1,3672.74,3,138,"[-5.0, 35.0, 5.0]",[42],{'df'}
0,1,3678.74,4,143,"[-5.0, 35.0, 2.0]",[10],{'df'}
0,1,3686.1899999999996,5,142,"[-5.0, 42.35, 2.0]",[9],{'df'}
0,1,3692.1899999999996,6,137,"[-5.0, 42.35, 5.0]",[41],{'df'}
0,1,3698.1899999999996,7,132,"[-5.0, 42.35, 8.0]",[73],{'df'}
0,1,3704.1899999999996,8,127,"[-5.0, 42.35, 11.0]",[105],{'df'}
0,1,3711.3699999999994,9,126,"[-5.0, 48.88, 11.0]",[104],{'df'}
0,1,3717.3699999999994,10,131,"[-5.0, 48.88, 8.0]",[72],{'df'}
0,1,3723.3699999999994,11,136,"[-5.0, 48.88, 5.0]",[40],{'df'}
0,1,3729.3699999999994,12,141,"[-5.0, 48.88, 2.0]",[8],{'df'}
0,1,3736.359999999999,13,140,"[-5.0, 54.84, 2.0]",[7],{'df'}
0,1,3742.359999999999,14,135,"[-5.0, 54.84, 5.0]",[39],{'df'}
0,1,3748.359999999999,15,130,"[-5.0, 54.84, 8.0]",[71],{'df'}
0,1,3754.359999999999,16,125,"[-5.0, 54.84, 11.0]",[103],{'df'}
0,1,3763.6799999999994,17,73,"[4.58, 63.37, 11.0]",[102],{'df'}
0,1,3769.6799999999994,18,76,"[4.58, 63.37, 8.0]",[70],{'df'}
0,1,3775.6799999999994,19,79,"[4.58, 63.37, 5.0]",[38],{'df'}
0,1,3781.6799999999994,20,82,"[4.58, 63.37, 2.0]",[6],{'df'}
0,1,3816.649999999999,21,204,"[19.26, -5.0, 32.0]",[338],"{'df', 'df2'}"
0,1,3830.8399999999992,22,226,"[46.16, -5.0, 26.0]",[278],"{'df', 'mf', 'dw2', 'df2'}"
0,1,3875.859999999999,23,83,"[11.44, 63.37, 2.0]",[5],{'df'}
0,1,3895.269999999999,24,4,"[37.81, 56.22, 35.0]",[355],"{'df', 'dh2', 'mh'}"
0,1,3913.929999999999,25,80,"[11.44, 63.37, 5.0]",[37],{'df'}
0,2,3614.28,1,196,"[25.8, -5.0, 35.0]",[371],"{'df', 'mf', 'df2'}"
0,2,3628.5600000000004,2,278,"[32.57, -5.0, 8.0]",[84],"{'df', 'dh2', 'mh'}"
0,2,3635.8200000000006,3,277,"[25.8, -5.0, 8.0]",[83],"{'df', 'dh2', 'mh'}"
0,2,3641.8200000000006,4,268,"[25.8, -5.0, 11.0]",[115],"{'df', 'dh2', 'mh'}"
0,2,3652.1300000000006,5,293,"[12.64, -5.0, 2.0]",[17],"{'df', 'dh2', 'mh'}"
0,2,3669.7800000000007,6,216,"[39.29, -5.0, 29.0]",[309],"{'df', 'df2'}"
0,2,3699.390000000001,7,103,"[-5.0, 35.0, 26.0]",[266],"{'df', 'dh2', 'mh'}"
0,2,3711.000000000001,8,100,"[-5.0, 54.84, 26.0]",[263],"{'df', 'dh2', 'mh'}"
0,2,3754.4900000000007,9,228,"[61.52, -5.0, 26.0]",[280],"{'df', 'mf', 'dw2', 'df2'}"
0,2,3773.6100000000006,10,213,"[19.26, -5.0, 29.0]",[306],"{'df', 'mf', 'dw2', 'df2'}"
0,2,3790.4700000000007,11,175,"[-1.47, 13.54, 14.0]",[142],"{'dh2', 'mh1'}"
0,2,3805.4600000000005,12,212,"[12.64, -5.0, 29.0]",[305],"{'df', 'df2'}"
0,2,3811.4600000000005,13,203,"[12.64, -5.0, 32.0]",[337],"{'df', 'df2'}"
0,2,3839.6900000000005,14,302,"[73.38, 11.11, 35.0]",[378],"{'df', 'dh2', 'mh'}"
0,2,3847.7700000000004,15,309,"[73.38, 18.12, 29.0]",[315],"{'df', 'dh2', 'mh'}"
0,2,3867.6700000000005,16,2,"[37.81, 41.44, 35.0]",[353],"{'df', 'dh2', 'mh'}"
0,2,3908.1600000000003,17,214,"[25.8, -5.0, 29.0]",[307],"{'df', 'mf', 'dw2', 'df2'}"
